tipo_instancias,rangos,palos,tipo_mano,razonador,archivo,es_timeout,es_error,error_msg,carga_ms,init_ms,precomp_ms,total_ms,mem_pico_mb,clases_jerarquia,total_inferencias,consistente,inst_CartaAlta,inst_Par,inst_DoblePar,inst_Trio,inst_Escalera,inst_Color,inst_Full,inst_Poker,inst_EscaleraColor,inst_EscaleraReal,total_s
instancias_completas,13,12,Todas,HermiT,C:\Users\guill\OneDrive\Desktop\poker-ontology\resultados\instancias_completas\barajas_13_rangos\resultado_baraja_13r_12p\baraja_13r_12p_todas_benchmark_20260709_190200.csv,False,False,,170.0,278.0,145689.0,145967.0,1383.0,40.0,124.0,True,40.0,20.0,8.0,12.0,12.0,12.0,4.0,4.0,8.0,4.0,145.967
instancias_completas,13,12,Todas,JFact (FaCT++),C:\Users\guill\OneDrive\Desktop\poker-ontology\resultados\instancias_completas\barajas_13_rangos\resultado_baraja_13r_12p\baraja_13r_12p_todas_benchmark_20260709_190200.csv,True,False,,,,,,,,,False,,,,,,,,,,,
instancias_completas,13,12,Todas,Openllet (Pellet),C:\Users\guill\OneDrive\Desktop\poker-ontology\resultados\instancias_completas\barajas_13_rangos\resultado_baraja_13r_12p\baraja_13r_12p_todas_benchmark_20260709_190200.csv,True,False,,,,,,,,,False,,,,,,,,,,,
instancias_completas,13,16,Todas,HermiT,C:\Users\guill\OneDrive\Desktop\poker-ontology\resultados\instancias_completas\barajas_13_rangos\resultado_baraja_13r_16p\baraja_13r_16p_todas_benchmark_20260709_190641.csv,False,False,,188.0,263.0,133558.0,133821.0,1235.0,44.0,124.0,True,40.0,20.0,8.0,12.0,12.0,12.0,4.0,4.0,8.0,4.0,133.821
instancias_completas,13,16,Todas,JFact (FaCT++),C:\Users\guill\OneDrive\Desktop\poker-ontology\resultados\instancias_completas\barajas_13_rangos\resultado_baraja_13r_16p\baraja_13r_16p_todas_benchmark_20260709_190641.csv,True,False,,,,,,,,,False,,,,,,,,,,,
instancias_completas,13,16,Todas,Openllet (Pellet),C:\Users\guill\OneDrive\Desktop\poker-ontology\resultados\instancias_completas\barajas_13_rangos\resultado_baraja_13r_16p\baraja_13r_16p_todas_benchmark_20260709_190641.csv,True,False,,,,,,,,,False,,,,,,,,,,,
instancias_completas,13,4,Todas,HermiT,C:\Users\guill\OneDrive\Desktop\poker-ontology\resultados\instancias_completas\barajas_13_rangos\resultado_baraja_13r_4p\baraja_13r_4p_todas_benchmark_20260709_185538.csv,False,False,,165.0,185.0,118542.0,118727.0,1227.0,32.0,124.0,True,40.0,20.0,8.0,12.0,12.0,12.0,4.0,4.0,8.0,4.0,118.727
instancias_completas,13,4,Todas,JFact (FaCT++),C:\Users\guill\OneDrive\Desktop\poker-ontology\resultados\instancias_completas\barajas_13_rangos\resultado_baraja_13r_4p\baraja_13r_4p_todas_benchmark_20260709_185538.csv,True,False,,,,,,,,,False,,,,,,,,,,,
instancias_completas,13,4,Todas,Openllet (Pellet),C:\Users\guill\OneDrive\Desktop\poker-ontology\resultados\instancias_completas\barajas_13_rangos\resultado_baraja_13r_4p\baraja_13r_4p_todas_benchmark_20260709_185538.csv,True,False,,,,,,,,,False,,,,,,,,,,,
instancias_completas,13,8,Todas,HermiT,C:\Users\guill\OneDrive\Desktop\poker-ontology\resultados\instancias_completas\barajas_13_rangos\resultado_baraja_13r_8p\baraja_13r_8p_todas_benchmark_20260709_185844.csv,False,False,,176.0,277.0,140505.0,140782.0,1344.0,36.0,124.0,True,40.0,20.0,8.0,12.0,12.0,12.0,4.0,4.0,8.0,4.0,140.782
instancias_completas,13,8,Todas,JFact (FaCT++),C:\Users\guill\OneDrive\Desktop\poker-ontology\resultados\instancias_completas\barajas_13_rangos\resultado_baraja_13r_8p\baraja_13r_8p_todas_benchmark_20260709_185844.csv,True,False,,,,,,,,,False,,,,,,,,,,,
instancias_completas,13,8,Todas,Openllet (Pellet),C:\Users\guill\OneDrive\Desktop\poker-ontology\resultados\instancias_completas\barajas_13_rangos\resultado_baraja_13r_8p\baraja_13r_8p_todas_benchmark_20260709_185844.csv,True,False,,,,,,,,,False,,,,,,,,,,,
instancias_completas,19,12,Todas,HermiT,C:\Users\guill\OneDrive\Desktop\poker-ontology\resultados\instancias_completas\barajas_19_rangos\resultado_baraja_19r_12p\baraja_19r_12p_todas_benchmark_20260709_192326.csv,False,False,,231.0,254.0,299691.0,299945.0,3799.0,46.0,124.0,True,40.0,20.0,8.0,12.0,12.0,12.0,4.0,4.0,8.0,4.0,299.945
instancias_completas,19,12,Todas,JFact (FaCT++),C:\Users\guill\OneDrive\Desktop\poker-ontology\resultados\instancias_completas\barajas_19_rangos\resultado_baraja_19r_12p\baraja_19r_12p_todas_benchmark_20260709_192326.csv,True,False,,,,,,,,,False,,,,,,,,,,,
instancias_completas,19,12,Todas,Openllet (Pellet),C:\Users\guill\OneDrive\Desktop\poker-ontology\resultados\instancias_completas\barajas_19_rangos\resultado_baraja_19r_12p\baraja_19r_12p_todas_benchmark_20260709_192326.csv,True,False,,,,,,,,,False,,,,,,,,,,,
instancias_completas,19,16,Todas,HermiT,C:\Users\guill\OneDrive\Desktop\poker-ontology\resultados\instancias_completas\barajas_19_rangos\resultado_baraja_19r_16p\baraja_19r_16p_todas_benchmark_20260709_193006.csv,False,False,,217.0,300.0,268750.0,269050.0,2982.0,50.0,124.0,True,40.0,20.0,8.0,12.0,12.0,12.0,4.0,4.0,8.0,4.0,269.05
instancias_completas,19,16,Todas,JFact (FaCT++),C:\Users\guill\OneDrive\Desktop\poker-ontology\resultados\instancias_completas\barajas_19_rangos\resultado_baraja_19r_16p\baraja_19r_16p_todas_benchmark_20260709_193006.csv,True,False,,,,,,,,,False,,,,,,,,,,,
instancias_completas,19,16,Todas,Openllet (Pellet),C:\Users\guill\OneDrive\Desktop\poker-ontology\resultados\instancias_completas\barajas_19_rangos\resultado_baraja_19r_16p\baraja_19r_16p_todas_benchmark_20260709_193006.csv,True,False,,,,,,,,,False,,,,,,,,,,,
instancias_completas,19,4,Todas,HermiT,C:\Users\guill\OneDrive\Desktop\poker-ontology\resultados\instancias_completas\barajas_19_rangos\resultado_baraja_19r_4p\baraja_19r_4p_todas_benchmark_20260709_191107.csv,False,False,,153.0,218.0,245366.0,245584.0,4451.0,38.0,124.0,True,40.0,20.0,8.0,12.0,12.0,12.0,4.0,4.0,8.0,4.0,245.584
instancias_completas,19,4,Todas,JFact (FaCT++),C:\Users\guill\OneDrive\Desktop\poker-ontology\resultados\instancias_completas\barajas_19_rangos\resultado_baraja_19r_4p\baraja_19r_4p_todas_benchmark_20260709_191107.csv,True,False,,,,,,,,,False,,,,,,,,,,,
instancias_completas,19,4,Todas,Openllet (Pellet),C:\Users\guill\OneDrive\Desktop\poker-ontology\resultados\instancias_completas\barajas_19_rangos\resultado_baraja_19r_4p\baraja_19r_4p_todas_benchmark_20260709_191107.csv,True,False,,,,,,,,,False,,,,,,,,,,,
instancias_completas,19,8,Todas,HermiT,C:\Users\guill\OneDrive\Desktop\poker-ontology\resultados\instancias_completas\barajas_19_rangos\resultado_baraja_19r_8p\baraja_19r_8p_todas_benchmark_20260709_191813.csv,False,False,,163.0,240.0,215258.0,215498.0,2359.0,42.0,124.0,True,40.0,20.0,8.0,12.0,12.0,12.0,4.0,4.0,8.0,4.0,215.498
instancias_completas,19,8,Todas,JFact (FaCT++),C:\Users\guill\OneDrive\Desktop\poker-ontology\resultados\instancias_completas\barajas_19_rangos\resultado_baraja_19r_8p\baraja_19r_8p_todas_benchmark_20260709_191813.csv,True,False,,,,,,,,,False,,,,,,,,,,,
instancias_completas,19,8,Todas,Openllet (Pellet),C:\Users\guill\OneDrive\Desktop\poker-ontology\resultados\instancias_completas\barajas_19_rangos\resultado_baraja_19r_8p\baraja_19r_8p_todas_benchmark_20260709_191813.csv,True,False,,,,,,,,,False,,,,,,,,,,,
instancias_completas,25,12,Todas,HermiT,C:\Users\guill\OneDrive\Desktop\poker-ontology\resultados\instancias_completas\barajas_25_rangos\resultado_baraja_25r_12p\baraja_25r_12p_todas_benchmark_20260709_195321.csv,False,False,,237.0,300.0,367826.0,368126.0,5271.0,52.0,124.0,True,40.0,20.0,8.0,12.0,12.0,12.0,4.0,4.0,8.0,4.0,368.126
instancias_completas,25,12,Todas,JFact (FaCT++),C:\Users\guill\OneDrive\Desktop\poker-ontology\resultados\instancias_completas\barajas_25_rangos\resultado_baraja_25r_12p\baraja_25r_12p_todas_benchmark_20260709_195321.csv,True,False,,,,,,,,,False,,,,,,,,,,,
instancias_completas,25,12,Todas,Openllet (Pellet),C:\Users\guill\OneDrive\Desktop\poker-ontology\resultados\instancias_completas\barajas_25_rangos\resultado_baraja_25r_12p\baraja_25r_12p_todas_benchmark_20260709_195321.csv,True,False,,,,,,,,,False,,,,,,,,,,,
instancias_completas,25,16,Todas,HermiT,C:\Users\guill\OneDrive\Desktop\poker-ontology\resultados\instancias_completas\barajas_25_rangos\resultado_baraja_25r_16p\baraja_25r_16p_todas_benchmark_20260709_200109.csv,False,False,,253.0,339.0,386935.0,387274.0,4857.0,56.0,124.0,True,40.0,20.0,8.0,12.0,12.0,12.0,4.0,4.0,8.0,4.0,387.274
instancias_completas,25,16,Todas,JFact (FaCT++),C:\Users\guill\OneDrive\Desktop\poker-ontology\resultados\instancias_completas\barajas_25_rangos\resultado_baraja_25r_16p\baraja_25r_16p_todas_benchmark_20260709_200109.csv,True,False,,,,,,,,,False,,,,,,,,,,,
instancias_completas,25,16,Todas,Openllet (Pellet),C:\Users\guill\OneDrive\Desktop\poker-ontology\resultados\instancias_completas\barajas_25_rangos\resultado_baraja_25r_16p\baraja_25r_16p_todas_benchmark_20260709_200109.csv,True,False,,,,,,,,,False,,,,,,,,,,,
instancias_completas,25,4,Todas,HermiT,C:\Users\guill\OneDrive\Desktop\poker-ontology\resultados\instancias_completas\barajas_25_rangos\resultado_baraja_25r_4p\baraja_25r_4p_todas_benchmark_20260709_193620.csv,False,False,,160.0,248.0,265145.0,265393.0,5041.0,44.0,124.0,True,40.0,20.0,8.0,12.0,12.0,12.0,4.0,4.0,8.0,4.0,265.393
instancias_completas,25,4,Todas,JFact (FaCT++),C:\Users\guill\OneDrive\Desktop\poker-ontology\resultados\instancias_completas\barajas_25_rangos\resultado_baraja_25r_4p\baraja_25r_4p_todas_benchmark_20260709_193620.csv,True,False,,,,,,,,,False,,,,,,,,,,,
instancias_completas,25,4,Todas,Openllet (Pellet),C:\Users\guill\OneDrive\Desktop\poker-ontology\resultados\instancias_completas\barajas_25_rangos\resultado_baraja_25r_4p\baraja_25r_4p_todas_benchmark_20260709_193620.csv,True,False,,,,,,,,,False,,,,,,,,,,,
instancias_completas,25,8,Todas,HermiT,C:\Users\guill\OneDrive\Desktop\poker-ontology\resultados\instancias_completas\barajas_25_rangos\resultado_baraja_25r_8p\baraja_25r_8p_todas_benchmark_20260709_194608.csv,False,False,,217.0,299.0,292066.0,292365.0,3446.0,48.0,124.0,True,40.0,20.0,8.0,12.0,12.0,12.0,4.0,4.0,8.0,4.0,292.365
instancias_completas,25,8,Todas,JFact (FaCT++),C:\Users\guill\OneDrive\Desktop\poker-ontology\resultados\instancias_completas\barajas_25_rangos\resultado_baraja_25r_8p\baraja_25r_8p_todas_benchmark_20260709_194608.csv,True,False,,,,,,,,,False,,,,,,,,,,,
instancias_completas,25,8,Todas,Openllet (Pellet),C:\Users\guill\OneDrive\Desktop\poker-ontology\resultados\instancias_completas\barajas_25_rangos\resultado_baraja_25r_8p\baraja_25r_8p_todas_benchmark_20260709_194608.csv,True,False,,,,,,,,,False,,,,,,,,,,,
instancias_completas,31,12,Todas,HermiT,C:\Users\guill\OneDrive\Desktop\poker-ontology\resultados\instancias_completas\barajas_31_rangos\resultado_baraja_31r_12p\baraja_31r_12p_todas_benchmark_20260709_202559.csv,False,False,,267.0,375.0,473608.0,473983.0,4706.0,58.0,124.0,True,40.0,20.0,8.0,12.0,12.0,12.0,4.0,4.0,8.0,4.0,473.983
instancias_completas,31,12,Todas,JFact (FaCT++),C:\Users\guill\OneDrive\Desktop\poker-ontology\resultados\instancias_completas\barajas_31_rangos\resultado_baraja_31r_12p\baraja_31r_12p_todas_benchmark_20260709_202559.csv,True,False,,,,,,,,,False,,,,,,,,,,,
instancias_completas,31,12,Todas,Openllet (Pellet),C:\Users\guill\OneDrive\Desktop\poker-ontology\resultados\instancias_completas\barajas_31_rangos\resultado_baraja_31r_12p\baraja_31r_12p_todas_benchmark_20260709_202559.csv,True,False,,,,,,,,,False,,,,,,,,,,,
instancias_completas,31,16,Todas,HermiT,C:\Users\guill\OneDrive\Desktop\poker-ontology\resultados\instancias_completas\barajas_31_rangos\resultado_baraja_31r_16p\baraja_31r_16p_todas_benchmark_20260709_204116.csv,False,False,,335.0,459.0,538733.0,539192.0,7599.0,62.0,124.0,True,40.0,20.0,8.0,12.0,12.0,12.0,4.0,4.0,8.0,4.0,539.192
instancias_completas,31,16,Todas,JFact (FaCT++),C:\Users\guill\OneDrive\Desktop\poker-ontology\resultados\instancias_completas\barajas_31_rangos\resultado_baraja_31r_16p\baraja_31r_16p_todas_benchmark_20260709_204116.csv,True,False,,,,,,,,,False,,,,,,,,,,,
instancias_completas,31,16,Todas,Openllet (Pellet),C:\Users\guill\OneDrive\Desktop\poker-ontology\resultados\instancias_completas\barajas_31_rangos\resultado_baraja_31r_16p\baraja_31r_16p_todas_benchmark_20260709_204116.csv,True,False,,,,,,,,,False,,,,,,,,,,,
instancias_completas,31,4,Todas,HermiT,C:\Users\guill\OneDrive\Desktop\poker-ontology\resultados\instancias_completas\barajas_31_rangos\resultado_baraja_31r_4p\baraja_31r_4p_todas_benchmark_20260709_201007.csv,False,False,,201.0,326.0,397763.0,398089.0,8389.0,50.0,124.0,True,40.0,20.0,8.0,12.0,12.0,12.0,4.0,4.0,8.0,4.0,398.089
instancias_completas,31,4,Todas,JFact (FaCT++),C:\Users\guill\OneDrive\Desktop\poker-ontology\resultados\instancias_completas\barajas_31_rangos\resultado_baraja_31r_4p\baraja_31r_4p_todas_benchmark_20260709_201007.csv,True,False,,,,,,,,,False,,,,,,,,,,,
instancias_completas,31,4,Todas,Openllet (Pellet),C:\Users\guill\OneDrive\Desktop\poker-ontology\resultados\instancias_completas\barajas_31_rangos\resultado_baraja_31r_4p\baraja_31r_4p_todas_benchmark_20260709_201007.csv,True,False,,,,,,,,,False,,,,,,,,,,,
instancias_completas,31,8,Todas,HermiT,C:\Users\guill\OneDrive\Desktop\poker-ontology\resultados\instancias_completas\barajas_31_rangos\resultado_baraja_31r_8p\baraja_31r_8p_todas_benchmark_20260709_201820.csv,False,False,,214.0,311.0,331735.0,332046.0,5338.0,54.0,124.0,True,40.0,20.0,8.0,12.0,12.0,12.0,4.0,4.0,8.0,4.0,332.046
instancias_completas,31,8,Todas,JFact (FaCT++),C:\Users\guill\OneDrive\Desktop\poker-ontology\resultados\instancias_completas\barajas_31_rangos\resultado_baraja_31r_8p\baraja_31r_8p_todas_benchmark_20260709_201820.csv,True,False,,,,,,,,,False,,,,,,,,,,,
instancias_completas,31,8,Todas,Openllet (Pellet),C:\Users\guill\OneDrive\Desktop\poker-ontology\resultados\instancias_completas\barajas_31_rangos\resultado_baraja_31r_8p\baraja_31r_8p_todas_benchmark_20260709_201820.csv,True,False,,,,,,,,,False,,,,,,,,,,,
instancias_completas,37,12,Todas,HermiT,C:\Users\guill\OneDrive\Desktop\poker-ontology\resultados\instancias_completas\barajas_37_rangos\resultado_baraja_37r_12p\baraja_37r_12p_todas_benchmark_20260709_213727.csv,False,False,,325.0,415.0,457200.0,457615.0,5722.0,64.0,124.0,True,40.0,20.0,8.0,12.0,12.0,12.0,4.0,4.0,8.0,4.0,457.615
instancias_completas,37,12,Todas,JFact (FaCT++),C:\Users\guill\OneDrive\Desktop\poker-ontology\resultados\instancias_completas\barajas_37_rangos\resultado_baraja_37r_12p\baraja_37r_12p_todas_benchmark_20260709_213727.csv,True,False,,,,,,,,,False,,,,,,,,,,,
instancias_completas,37,12,Todas,Openllet (Pellet),C:\Users\guill\OneDrive\Desktop\poker-ontology\resultados\instancias_completas\barajas_37_rangos\resultado_baraja_37r_12p\baraja_37r_12p_todas_benchmark_20260709_213727.csv,True,False,,,,,,,,,False,,,,,,,,,,,
instancias_completas,37,16,Todas,HermiT,C:\Users\guill\OneDrive\Desktop\poker-ontology\resultados\instancias_completas\barajas_37_rangos\resultado_baraja_37r_16p\baraja_37r_16p_todas_benchmark_20260709_214559.csv,False,False,,372.0,616.0,615501.0,616117.0,6008.0,68.0,124.0,True,40.0,20.0,8.0,12.0,12.0,12.0,4.0,4.0,8.0,4.0,616.117
instancias_completas,37,16,Todas,JFact (FaCT++),C:\Users\guill\OneDrive\Desktop\poker-ontology\resultados\instancias_completas\barajas_37_rangos\resultado_baraja_37r_16p\baraja_37r_16p_todas_benchmark_20260709_214559.csv,True,False,,,,,,,,,False,,,,,,,,,,,
instancias_completas,37,16,Todas,Openllet (Pellet),C:\Users\guill\OneDrive\Desktop\poker-ontology\resultados\instancias_completas\barajas_37_rangos\resultado_baraja_37r_16p\baraja_37r_16p_todas_benchmark_20260709_214559.csv,True,False,,,,,,,,,False,,,,,,,,,,,
instancias_completas,37,4,Todas,HermiT,C:\Users\guill\OneDrive\Desktop\poker-ontology\resultados\instancias_completas\barajas_37_rangos\resultado_baraja_37r_4p\baraja_37r_4p_todas_benchmark_20260709_205147.csv,False,False,,201.0,322.0,482367.0,482689.0,8695.0,56.0,124.0,True,40.0,20.0,8.0,12.0,12.0,12.0,4.0,4.0,8.0,4.0,482.689
instancias_completas,37,4,Todas,JFact (FaCT++),C:\Users\guill\OneDrive\Desktop\poker-ontology\resultados\instancias_completas\barajas_37_rangos\resultado_baraja_37r_4p\baraja_37r_4p_todas_benchmark_20260709_205147.csv,True,False,,,,,,,,,False,,,,,,,,,,,
instancias_completas,37,4,Todas,Openllet (Pellet),C:\Users\guill\OneDrive\Desktop\poker-ontology\resultados\instancias_completas\barajas_37_rangos\resultado_baraja_37r_4p\baraja_37r_4p_todas_benchmark_20260709_205147.csv,True,False,,,,,,,,,False,,,,,,,,,,,
instancias_completas,37,8,Todas,HermiT,C:\Users\guill\OneDrive\Desktop\poker-ontology\resultados\instancias_completas\barajas_37_rangos\resultado_baraja_37r_8p\baraja_37r_8p_todas_benchmark_20260709_211802.csv,False,False,,252.0,294.0,507837.0,508131.0,5497.0,60.0,124.0,True,40.0,20.0,8.0,12.0,12.0,12.0,4.0,4.0,8.0,4.0,508.131
instancias_completas,37,8,Todas,JFact (FaCT++),C:\Users\guill\OneDrive\Desktop\poker-ontology\resultados\instancias_completas\barajas_37_rangos\resultado_baraja_37r_8p\baraja_37r_8p_todas_benchmark_20260709_211802.csv,True,False,,,,,,,,,False,,,,,,,,,,,
instancias_completas,37,8,Todas,Openllet (Pellet),C:\Users\guill\OneDrive\Desktop\poker-ontology\resultados\instancias_completas\barajas_37_rangos\resultado_baraja_37r_8p\baraja_37r_8p_todas_benchmark_20260709_211802.csv,True,False,,,,,,,,,False,,,,,,,,,,,
instancias_completas,6,12,Todas,HermiT,C:\Users\guill\OneDrive\Desktop\poker-ontology\resultados\instancias_completas\barajas_6_rangos\resultado_baraja_6r_12p\baraja_6r_12p_todas_benchmark_20260709_185048.csv,False,False,,160.0,144.0,55350.0,55494.0,1228.0,33.0,124.0,True,40.0,20.0,8.0,12.0,12.0,12.0,4.0,4.0,8.0,4.0,55.494
instancias_completas,6,12,Todas,JFact (FaCT++),C:\Users\guill\OneDrive\Desktop\poker-ontology\resultados\instancias_completas\barajas_6_rangos\resultado_baraja_6r_12p\baraja_6r_12p_todas_benchmark_20260709_185048.csv,True,False,,,,,,,,,False,,,,,,,,,,,
instancias_completas,6,12,Todas,Openllet (Pellet),C:\Users\guill\OneDrive\Desktop\poker-ontology\resultados\instancias_completas\barajas_6_rangos\resultado_baraja_6r_12p\baraja_6r_12p_todas_benchmark_20260709_185048.csv,True,False,,,,,,,,,False,,,,,,,,,,,
instancias_completas,6,16,Todas,HermiT,C:\Users\guill\OneDrive\Desktop\poker-ontology\resultados\instancias_completas\barajas_6_rangos\resultado_baraja_6r_16p\baraja_6r_16p_todas_benchmark_20260709_185226.csv,False,False,,164.0,227.0,70112.0,70339.0,1229.0,37.0,124.0,True,40.0,20.0,8.0,12.0,12.0,12.0,4.0,4.0,8.0,4.0,70.339
instancias_completas,6,16,Todas,JFact (FaCT++),C:\Users\guill\OneDrive\Desktop\poker-ontology\resultados\instancias_completas\barajas_6_rangos\resultado_baraja_6r_16p\baraja_6r_16p_todas_benchmark_20260709_185226.csv,True,False,,,,,,,,,False,,,,,,,,,,,
instancias_completas,6,16,Todas,Openllet (Pellet),C:\Users\guill\OneDrive\Desktop\poker-ontology\resultados\instancias_completas\barajas_6_rangos\resultado_baraja_6r_16p\baraja_6r_16p_todas_benchmark_20260709_185226.csv,True,False,,,,,,,,,False,,,,,,,,,,,
instancias_completas,6,4,Todas,HermiT,C:\Users\guill\OneDrive\Desktop\poker-ontology\resultados\instancias_completas\barajas_6_rangos\resultado_baraja_6r_4p\baraja_6r_4p_todas_benchmark_20260709_184553.csv,False,False,,146.0,110.0,34709.0,34819.0,934.0,25.0,124.0,True,40.0,20.0,8.0,12.0,12.0,12.0,4.0,4.0,8.0,4.0,34.819
instancias_completas,6,4,Todas,JFact (FaCT++),C:\Users\guill\OneDrive\Desktop\poker-ontology\resultados\instancias_completas\barajas_6_rangos\resultado_baraja_6r_4p\baraja_6r_4p_todas_benchmark_20260709_184553.csv,True,False,,,,,,,,,False,,,,,,,,,,,
instancias_completas,6,4,Todas,Openllet (Pellet),C:\Users\guill\OneDrive\Desktop\poker-ontology\resultados\instancias_completas\barajas_6_rangos\resultado_baraja_6r_4p\baraja_6r_4p_todas_benchmark_20260709_184553.csv,True,False,,,,,,,,,False,,,,,,,,,,,
instancias_completas,6,8,Todas,HermiT,C:\Users\guill\OneDrive\Desktop\poker-ontology\resultados\instancias_completas\barajas_6_rangos\resultado_baraja_6r_8p\baraja_6r_8p_todas_benchmark_20260709_184900.csv,False,False,,168.0,135.0,38434.0,38569.0,934.0,29.0,124.0,True,40.0,20.0,8.0,12.0,12.0,12.0,4.0,4.0,8.0,4.0,38.569
instancias_completas,6,8,Todas,JFact (FaCT++),C:\Users\guill\OneDrive\Desktop\poker-ontology\resultados\instancias_completas\barajas_6_rangos\resultado_baraja_6r_8p\baraja_6r_8p_todas_benchmark_20260709_184900.csv,True,False,,,,,,,,,False,,,,,,,,,,,
instancias_completas,6,8,Todas,Openllet (Pellet),C:\Users\guill\OneDrive\Desktop\poker-ontology\resultados\instancias_completas\barajas_6_rangos\resultado_baraja_6r_8p\baraja_6r_8p_todas_benchmark_20260709_184900.csv,True,False,,,,,,,,,False,,,,,,,,,,,
instancias_divididas,13,12,CartaAlta,HermiT,C:\Users\guill\OneDrive\Desktop\poker-ontology\resultados\instancias_divididas\barajas_13_rangos\resultado_baraja_13r_12p\baraja_13r_12p_carta_alta_benchmark_20260708_222947.csv,False,False,,166.0,277.0,23733.0,24010.0,454.0,40.0,4.0,True,4.0,0.0,0.0,0.0,0.0,0.0,0.0,0.0,0.0,0.0,24.01
instancias_divididas,13,12,CartaAlta,JFact (FaCT++),C:\Users\guill\OneDrive\Desktop\poker-ontology\resultados\instancias_divididas\barajas_13_rangos\resultado_baraja_13r_12p\baraja_13r_12p_carta_alta_benchmark_20260708_222947.csv,True,False,,,,,,,,,False,,,,,,,,,,,
instancias_divididas,13,12,CartaAlta,Openllet (Pellet),C:\Users\guill\OneDrive\Desktop\poker-ontology\resultados\instancias_divididas\barajas_13_rangos\resultado_baraja_13r_12p\baraja_13r_12p_carta_alta_benchmark_20260708_222947.csv,True,False,,,,,,,,,False,,,,,,,,,,,
instancias_divididas,13,12,Color,HermiT,C:\Users\guill\OneDrive\Desktop\poker-ontology\resultados\instancias_divididas\barajas_13_rangos\resultado_baraja_13r_12p\baraja_13r_12p_color_benchmark_20260708_231500.csv,False,False,,156.0,207.0,45239.0,45446.0,998.0,40.0,8.0,True,4.0,0.0,0.0,0.0,0.0,4.0,0.0,0.0,0.0,0.0,45.446
instancias_divididas,13,12,Color,JFact (FaCT++),C:\Users\guill\OneDrive\Desktop\poker-ontology\resultados\instancias_divididas\barajas_13_rangos\resultado_baraja_13r_12p\baraja_13r_12p_color_benchmark_20260708_231500.csv,True,False,,,,,,,,,False,,,,,,,,,,,
instancias_divididas,13,12,Color,Openllet (Pellet),C:\Users\guill\OneDrive\Desktop\poker-ontology\resultados\instancias_divididas\barajas_13_rangos\resultado_baraja_13r_12p\baraja_13r_12p_color_benchmark_20260708_231500.csv,True,False,,,,,,,,,False,,,,,,,,,,,
instancias_divididas,13,12,DoblePar,HermiT,C:\Users\guill\OneDrive\Desktop\poker-ontology\resultados\instancias_divididas\barajas_13_rangos\resultado_baraja_13r_12p\baraja_13r_12p_doble_par_benchmark_20260708_224043.csv,False,False,,151.0,197.0,27024.0,27221.0,470.0,40.0,12.0,True,4.0,4.0,4.0,0.0,0.0,0.0,0.0,0.0,0.0,0.0,27.221
instancias_divididas,13,12,DoblePar,JFact (FaCT++),C:\Users\guill\OneDrive\Desktop\poker-ontology\resultados\instancias_divididas\barajas_13_rangos\resultado_baraja_13r_12p\baraja_13r_12p_doble_par_benchmark_20260708_224043.csv,False,False,,87.0,75.0,52395.0,52470.0,14731.0,40.0,12.0,True,4.0,4.0,4.0,0.0,0.0,0.0,0.0,0.0,0.0,0.0,52.47
instancias_divididas,13,12,DoblePar,Openllet (Pellet),C:\Users\guill\OneDrive\Desktop\poker-ontology\resultados\instancias_divididas\barajas_13_rangos\resultado_baraja_13r_12p\baraja_13r_12p_doble_par_benchmark_20260708_224043.csv,True,False,,,,,,,,,False,,,,,,,,,,,
instancias_divididas,13,12,Escalera,HermiT,C:\Users\guill\OneDrive\Desktop\poker-ontology\resultados\instancias_divididas\barajas_13_rangos\resultado_baraja_13r_12p\baraja_13r_12p_escalera_benchmark_20260708_230416.csv,False,False,,147.0,235.0,11610.0,11845.0,598.0,40.0,8.0,True,4.0,0.0,0.0,0.0,4.0,0.0,0.0,0.0,0.0,0.0,11.845
instancias_divididas,13,12,Escalera,JFact (FaCT++),C:\Users\guill\OneDrive\Desktop\poker-ontology\resultados\instancias_divididas\barajas_13_rangos\resultado_baraja_13r_12p\baraja_13r_12p_escalera_benchmark_20260708_230416.csv,True,False,,,,,,,,,False,,,,,,,,,,,
instancias_divididas,13,12,Escalera,Openllet (Pellet),C:\Users\guill\OneDrive\Desktop\poker-ontology\resultados\instancias_divididas\barajas_13_rangos\resultado_baraja_13r_12p\baraja_13r_12p_escalera_benchmark_20260708_230416.csv,True,False,,,,,,,,,False,,,,,,,,,,,
instancias_divididas,13,12,EscaleraColor,HermiT,C:\Users\guill\OneDrive\Desktop\poker-ontology\resultados\instancias_divididas\barajas_13_rangos\resultado_baraja_13r_12p\baraja_13r_12p_escalera_color_benchmark_20260708_234018.csv,False,False,,214.0,222.0,56339.0,56561.0,1234.0,40.0,16.0,True,4.0,0.0,0.0,0.0,4.0,4.0,0.0,0.0,4.0,0.0,56.561
instancias_divididas,13,12,EscaleraColor,JFact (FaCT++),C:\Users\guill\OneDrive\Desktop\poker-ontology\resultados\instancias_divididas\barajas_13_rangos\resultado_baraja_13r_12p\baraja_13r_12p_escalera_color_benchmark_20260708_234018.csv,True,False,,,,,,,,,False,,,,,,,,,,,
instancias_divididas,13,12,EscaleraColor,Openllet (Pellet),C:\Users\guill\OneDrive\Desktop\poker-ontology\resultados\instancias_divididas\barajas_13_rangos\resultado_baraja_13r_12p\baraja_13r_12p_escalera_color_benchmark_20260708_234018.csv,True,False,,,,,,,,,False,,,,,,,,,,,
instancias_divididas,13,12,EscaleraReal,HermiT,C:\Users\guill\OneDrive\Desktop\poker-ontology\resultados\instancias_divididas\barajas_13_rangos\resultado_baraja_13r_12p\baraja_13r_12p_escalera_real_benchmark_20260708_235146.csv,False,False,,155.0,231.0,11393.0,11624.0,390.0,40.0,20.0,True,4.0,0.0,0.0,0.0,4.0,4.0,0.0,0.0,4.0,4.0,11.624
instancias_divididas,13,12,EscaleraReal,JFact (FaCT++),C:\Users\guill\OneDrive\Desktop\poker-ontology\resultados\instancias_divididas\barajas_13_rangos\resultado_baraja_13r_12p\baraja_13r_12p_escalera_real_benchmark_20260708_235146.csv,False,False,,90.0,64.0,200559.0,200623.0,14733.0,40.0,20.0,True,4.0,0.0,0.0,0.0,4.0,4.0,0.0,0.0,4.0,4.0,200.623
instancias_divididas,13,12,EscaleraReal,Openllet (Pellet),C:\Users\guill\OneDrive\Desktop\poker-ontology\resultados\instancias_divididas\barajas_13_rangos\resultado_baraja_13r_12p\baraja_13r_12p_escalera_real_benchmark_20260708_235146.csv,True,False,,,,,,,,,False,,,,,,,,,,,
instancias_divididas,13,12,Full,HermiT,C:\Users\guill\OneDrive\Desktop\poker-ontology\resultados\instancias_divididas\barajas_13_rangos\resultado_baraja_13r_12p\baraja_13r_12p_full_benchmark_20260708_232617.csv,False,False,,148.0,243.0,16162.0,16405.0,502.0,40.0,20.0,True,4.0,4.0,4.0,4.0,0.0,0.0,4.0,0.0,0.0,0.0,16.405
instancias_divididas,13,12,Full,JFact (FaCT++),C:\Users\guill\OneDrive\Desktop\poker-ontology\resultados\instancias_divididas\barajas_13_rangos\resultado_baraja_13r_12p\baraja_13r_12p_full_benchmark_20260708_232617.csv,True,False,,,,,,,,,False,,,,,,,,,,,
instancias_divididas,13,12,Full,Openllet (Pellet),C:\Users\guill\OneDrive\Desktop\poker-ontology\resultados\instancias_divididas\barajas_13_rangos\resultado_baraja_13r_12p\baraja_13r_12p_full_benchmark_20260708_232617.csv,True,False,,,,,,,,,False,,,,,,,,,,,
instancias_divididas,13,12,Par,HermiT,C:\Users\guill\OneDrive\Desktop\poker-ontology\resultados\instancias_divididas\barajas_13_rangos\resultado_baraja_13r_12p\baraja_13r_12p_par_benchmark_20260708_224235.csv,False,False,,135.0,222.0,15605.0,15827.0,406.0,40.0,8.0,True,4.0,4.0,0.0,0.0,0.0,0.0,0.0,0.0,0.0,0.0,15.827
instancias_divididas,13,12,Par,JFact (FaCT++),C:\Users\guill\OneDrive\Desktop\poker-ontology\resultados\instancias_divididas\barajas_13_rangos\resultado_baraja_13r_12p\baraja_13r_12p_par_benchmark_20260708_224235.csv,True,False,,,,,,,,,False,,,,,,,,,,,
instancias_divididas,13,12,Par,Openllet (Pellet),C:\Users\guill\OneDrive\Desktop\poker-ontology\resultados\instancias_divididas\barajas_13_rangos\resultado_baraja_13r_12p\baraja_13r_12p_par_benchmark_20260708_224235.csv,True,False,,,,,,,,,False,,,,,,,,,,,
instancias_divididas,13,12,Poker,HermiT,C:\Users\guill\OneDrive\Desktop\poker-ontology\resultados\instancias_divididas\barajas_13_rangos\resultado_baraja_13r_12p\baraja_13r_12p_poker_benchmark_20260708_233706.csv,False,False,,161.0,244.0,82267.0,82511.0,1247.0,40.0,16.0,True,4.0,4.0,0.0,4.0,0.0,0.0,0.0,4.0,0.0,0.0,82.511
instancias_divididas,13,12,Poker,JFact (FaCT++),C:\Users\guill\OneDrive\Desktop\poker-ontology\resultados\instancias_divididas\barajas_13_rangos\resultado_baraja_13r_12p\baraja_13r_12p_poker_benchmark_20260708_233706.csv,False,False,,88.0,89.0,77682.0,77771.0,14731.0,40.0,16.0,True,4.0,4.0,0.0,4.0,0.0,0.0,0.0,4.0,0.0,0.0,77.771
instancias_divididas,13,12,Poker,Openllet (Pellet),C:\Users\guill\OneDrive\Desktop\poker-ontology\resultados\instancias_divididas\barajas_13_rangos\resultado_baraja_13r_12p\baraja_13r_12p_poker_benchmark_20260708_233706.csv,True,False,,,,,,,,,False,,,,,,,,,,,
instancias_divididas,13,12,Trio,HermiT,C:\Users\guill\OneDrive\Desktop\poker-ontology\resultados\instancias_divididas\barajas_13_rangos\resultado_baraja_13r_12p\baraja_13r_12p_trio_benchmark_20260708_225322.csv,False,False,,135.0,196.0,21686.0,21882.0,598.0,40.0,12.0,True,4.0,4.0,0.0,4.0,0.0,0.0,0.0,0.0,0.0,0.0,21.882
instancias_divididas,13,12,Trio,JFact (FaCT++),C:\Users\guill\OneDrive\Desktop\poker-ontology\resultados\instancias_divididas\barajas_13_rangos\resultado_baraja_13r_12p\baraja_13r_12p_trio_benchmark_20260708_225322.csv,True,False,,,,,,,,,False,,,,,,,,,,,
instancias_divididas,13,12,Trio,Openllet (Pellet),C:\Users\guill\OneDrive\Desktop\poker-ontology\resultados\instancias_divididas\barajas_13_rangos\resultado_baraja_13r_12p\baraja_13r_12p_trio_benchmark_20260708_225322.csv,True,False,,,,,,,,,False,,,,,,,,,,,
instancias_divididas,13,16,CartaAlta,HermiT,C:\Users\guill\OneDrive\Desktop\poker-ontology\resultados\instancias_divididas\barajas_13_rangos\resultado_baraja_13r_16p\baraja_13r_16p_carta_alta_benchmark_20260708_213933.csv,False,False,,178.0,225.0,12592.0,12817.0,391.0,44.0,4.0,True,4.0,0.0,0.0,0.0,0.0,0.0,0.0,0.0,0.0,0.0,12.817
instancias_divididas,13,16,CartaAlta,JFact (FaCT++),C:\Users\guill\OneDrive\Desktop\poker-ontology\resultados\instancias_divididas\barajas_13_rangos\resultado_baraja_13r_16p\baraja_13r_16p_carta_alta_benchmark_20260708_213933.csv,False,False,,100.0,107.0,5609.0,5716.0,2140.0,44.0,4.0,True,4.0,0.0,0.0,0.0,0.0,0.0,0.0,0.0,0.0,0.0,5.716
instancias_divididas,13,16,CartaAlta,Openllet (Pellet),C:\Users\guill\OneDrive\Desktop\poker-ontology\resultados\instancias_divididas\barajas_13_rangos\resultado_baraja_13r_16p\baraja_13r_16p_carta_alta_benchmark_20260708_213933.csv,True,False,,,,,,,,,False,,,,,,,,,,,
instancias_divididas,13,16,Color,HermiT,C:\Users\guill\OneDrive\Desktop\poker-ontology\resultados\instancias_divididas\barajas_13_rangos\resultado_baraja_13r_16p\baraja_13r_16p_color_benchmark_20260708_220501.csv,False,False,,148.0,240.0,60008.0,60248.0,1143.0,44.0,8.0,True,4.0,0.0,0.0,0.0,0.0,4.0,0.0,0.0,0.0,0.0,60.248
instancias_divididas,13,16,Color,JFact (FaCT++),C:\Users\guill\OneDrive\Desktop\poker-ontology\resultados\instancias_divididas\barajas_13_rangos\resultado_baraja_13r_16p\baraja_13r_16p_color_benchmark_20260708_220501.csv,False,False,,102.0,102.0,5656.0,5758.0,2844.0,44.0,8.0,True,4.0,0.0,0.0,0.0,0.0,4.0,0.0,0.0,0.0,0.0,5.758
instancias_divididas,13,16,Color,Openllet (Pellet),C:\Users\guill\OneDrive\Desktop\poker-ontology\resultados\instancias_divididas\barajas_13_rangos\resultado_baraja_13r_16p\baraja_13r_16p_color_benchmark_20260708_220501.csv,True,False,,,,,,,,,False,,,,,,,,,,,
instancias_divididas,13,16,DoblePar,HermiT,C:\Users\guill\OneDrive\Desktop\poker-ontology\resultados\instancias_divididas\barajas_13_rangos\resultado_baraja_13r_16p\baraja_13r_16p_doble_par_benchmark_20260708_214023.csv,False,False,,154.0,238.0,8734.0,8972.0,359.0,44.0,12.0,True,4.0,4.0,4.0,0.0,0.0,0.0,0.0,0.0,0.0,0.0,8.972
instancias_divididas,13,16,DoblePar,JFact (FaCT++),C:\Users\guill\OneDrive\Desktop\poker-ontology\resultados\instancias_divididas\barajas_13_rangos\resultado_baraja_13r_16p\baraja_13r_16p_doble_par_benchmark_20260708_214023.csv,True,False,,,,,,,,,False,,,,,,,,,,,
instancias_divididas,13,16,DoblePar,Openllet (Pellet),C:\Users\guill\OneDrive\Desktop\poker-ontology\resultados\instancias_divididas\barajas_13_rangos\resultado_baraja_13r_16p\baraja_13r_16p_doble_par_benchmark_20260708_214023.csv,True,False,,,,,,,,,False,,,,,,,,,,,
instancias_divididas,13,16,Escalera,HermiT,C:\Users\guill\OneDrive\Desktop\poker-ontology\resultados\instancias_divididas\barajas_13_rangos\resultado_baraja_13r_16p\baraja_13r_16p_escalera_benchmark_20260708_220330.csv,False,False,,172.0,261.0,16269.0,16530.0,615.0,44.0,8.0,True,4.0,0.0,0.0,0.0,4.0,0.0,0.0,0.0,0.0,0.0,16.53
instancias_divididas,13,16,Escalera,JFact (FaCT++),C:\Users\guill\OneDrive\Desktop\poker-ontology\resultados\instancias_divididas\barajas_13_rangos\resultado_baraja_13r_16p\baraja_13r_16p_escalera_benchmark_20260708_220330.csv,False,False,,104.0,101.0,42508.0,42609.0,14732.0,44.0,8.0,True,4.0,0.0,0.0,0.0,4.0,0.0,0.0,0.0,0.0,0.0,42.609
instancias_divididas,13,16,Escalera,Openllet (Pellet),C:\Users\guill\OneDrive\Desktop\poker-ontology\resultados\instancias_divididas\barajas_13_rangos\resultado_baraja_13r_16p\baraja_13r_16p_escalera_benchmark_20260708_220330.csv,True,False,,,,,,,,,False,,,,,,,,,,,
instancias_divididas,13,16,EscaleraColor,HermiT,C:\Users\guill\OneDrive\Desktop\poker-ontology\resultados\instancias_divididas\barajas_13_rangos\resultado_baraja_13r_16p\baraja_13r_16p_escalera_color_benchmark_20260708_222137.csv,False,False,,159.0,205.0,42102.0,42307.0,1232.0,44.0,16.0,True,4.0,0.0,0.0,0.0,4.0,4.0,0.0,0.0,4.0,0.0,42.307
instancias_divididas,13,16,EscaleraColor,JFact (FaCT++),C:\Users\guill\OneDrive\Desktop\poker-ontology\resultados\instancias_divididas\barajas_13_rangos\resultado_baraja_13r_16p\baraja_13r_16p_escalera_color_benchmark_20260708_222137.csv,False,False,,91.0,89.0,71107.0,71196.0,14733.0,44.0,16.0,True,4.0,0.0,0.0,0.0,4.0,4.0,0.0,0.0,4.0,0.0,71.196
instancias_divididas,13,16,EscaleraColor,Openllet (Pellet),C:\Users\guill\OneDrive\Desktop\poker-ontology\resultados\instancias_divididas\barajas_13_rangos\resultado_baraja_13r_16p\baraja_13r_16p_escalera_color_benchmark_20260708_222137.csv,True,False,,,,,,,,,False,,,,,,,,,,,
instancias_divididas,13,16,EscaleraReal,HermiT,C:\Users\guill\OneDrive\Desktop\poker-ontology\resultados\instancias_divididas\barajas_13_rangos\resultado_baraja_13r_16p\baraja_13r_16p_escalera_real_benchmark_20260708_222402.csv,False,False,,160.0,263.0,66657.0,66920.0,1175.0,44.0,20.0,True,4.0,0.0,0.0,0.0,4.0,4.0,0.0,0.0,4.0,4.0,66.92
instancias_divididas,13,16,EscaleraReal,JFact (FaCT++),C:\Users\guill\OneDrive\Desktop\poker-ontology\resultados\instancias_divididas\barajas_13_rangos\resultado_baraja_13r_16p\baraja_13r_16p_escalera_real_benchmark_20260708_222402.csv,False,False,,98.0,93.0,167956.0,168049.0,14735.0,44.0,20.0,True,4.0,0.0,0.0,0.0,4.0,4.0,0.0,0.0,4.0,4.0,168.049
instancias_divididas,13,16,EscaleraReal,Openllet (Pellet),C:\Users\guill\OneDrive\Desktop\poker-ontology\resultados\instancias_divididas\barajas_13_rangos\resultado_baraja_13r_16p\baraja_13r_16p_escalera_real_benchmark_20260708_222402.csv,True,False,,,,,,,,,False,,,,,,,,,,,
instancias_divididas,13,16,Full,HermiT,C:\Users\guill\OneDrive\Desktop\poker-ontology\resultados\instancias_divididas\barajas_13_rangos\resultado_baraja_13r_16p\baraja_13r_16p_full_benchmark_20260708_220639.csv,False,False,,152.0,225.0,64133.0,64358.0,1079.0,44.0,20.0,True,4.0,4.0,4.0,4.0,0.0,0.0,4.0,0.0,0.0,0.0,64.358
instancias_divididas,13,16,Full,JFact (FaCT++),C:\Users\guill\OneDrive\Desktop\poker-ontology\resultados\instancias_divididas\barajas_13_rangos\resultado_baraja_13r_16p\baraja_13r_16p_full_benchmark_20260708_220639.csv,False,False,,106.0,89.0,93985.0,94074.0,14732.0,44.0,20.0,True,4.0,4.0,4.0,4.0,0.0,0.0,4.0,0.0,0.0,0.0,94.074
instancias_divididas,13,16,Full,Openllet (Pellet),C:\Users\guill\OneDrive\Desktop\poker-ontology\resultados\instancias_divididas\barajas_13_rangos\resultado_baraja_13r_16p\baraja_13r_16p_full_benchmark_20260708_220639.csv,True,False,,,,,,,,,False,,,,,,,,,,,
instancias_divididas,13,16,Par,HermiT,C:\Users\guill\OneDrive\Desktop\poker-ontology\resultados\instancias_divididas\barajas_13_rangos\resultado_baraja_13r_16p\baraja_13r_16p_par_benchmark_20260708_215105.csv,False,False,,141.0,192.0,8994.0,9186.0,375.0,44.0,8.0,True,4.0,4.0,0.0,0.0,0.0,0.0,0.0,0.0,0.0,0.0,9.186
instancias_divididas,13,16,Par,JFact (FaCT++),C:\Users\guill\OneDrive\Desktop\poker-ontology\resultados\instancias_divididas\barajas_13_rangos\resultado_baraja_13r_16p\baraja_13r_16p_par_benchmark_20260708_215105.csv,False,False,,99.0,81.0,45967.0,46048.0,14732.0,44.0,8.0,True,4.0,4.0,0.0,0.0,0.0,0.0,0.0,0.0,0.0,0.0,46.048
instancias_divididas,13,16,Par,Openllet (Pellet),C:\Users\guill\OneDrive\Desktop\poker-ontology\resultados\instancias_divididas\barajas_13_rangos\resultado_baraja_13r_16p\baraja_13r_16p_par_benchmark_20260708_215105.csv,True,False,,,,,,,,,False,,,,,,,,,,,
instancias_divididas,13,16,Poker,HermiT,C:\Users\guill\OneDrive\Desktop\poker-ontology\resultados\instancias_divididas\barajas_13_rangos\resultado_baraja_13r_16p\baraja_13r_16p_poker_benchmark_20260708_220950.csv,False,False,,163.0,224.0,74612.0,74836.0,1235.0,44.0,16.0,True,4.0,4.0,0.0,4.0,0.0,0.0,0.0,4.0,0.0,0.0,74.836
instancias_divididas,13,16,Poker,JFact (FaCT++),C:\Users\guill\OneDrive\Desktop\poker-ontology\resultados\instancias_divididas\barajas_13_rangos\resultado_baraja_13r_16p\baraja_13r_16p_poker_benchmark_20260708_220950.csv,True,False,,,,,,,,,False,,,,,,,,,,,
instancias_divididas,13,16,Poker,Openllet (Pellet),C:\Users\guill\OneDrive\Desktop\poker-ontology\resultados\instancias_divididas\barajas_13_rangos\resultado_baraja_13r_16p\baraja_13r_16p_poker_benchmark_20260708_220950.csv,True,False,,,,,,,,,False,,,,,,,,,,,
instancias_divididas,13,16,Trio,HermiT,C:\Users\guill\OneDrive\Desktop\poker-ontology\resultados\instancias_divididas\barajas_13_rangos\resultado_baraja_13r_16p\baraja_13r_16p_trio_benchmark_20260708_215232.csv,False,False,,174.0,248.0,25809.0,26057.0,615.0,44.0,12.0,True,4.0,4.0,0.0,4.0,0.0,0.0,0.0,0.0,0.0,0.0,26.057
instancias_divididas,13,16,Trio,JFact (FaCT++),C:\Users\guill\OneDrive\Desktop\poker-ontology\resultados\instancias_divididas\barajas_13_rangos\resultado_baraja_13r_16p\baraja_13r_16p_trio_benchmark_20260708_215232.csv,True,False,,,,,,,,,False,,,,,,,,,,,
instancias_divididas,13,16,Trio,Openllet (Pellet),C:\Users\guill\OneDrive\Desktop\poker-ontology\resultados\instancias_divididas\barajas_13_rangos\resultado_baraja_13r_16p\baraja_13r_16p_trio_benchmark_20260708_215232.csv,True,False,,,,,,,,,False,,,,,,,,,,,
instancias_divididas,13,4,CartaAlta,HermiT,C:\Users\guill\OneDrive\Desktop\poker-ontology\resultados\instancias_divididas\barajas_13_rangos\resultado_baraja_13r_4p\baraja_13r_4p_carta_alta_benchmark_20260709_122306.csv,False,False,,148.0,157.0,4640.0,4797.0,246.0,32.0,4.0,True,4.0,0.0,0.0,0.0,0.0,0.0,0.0,0.0,0.0,0.0,4.797
instancias_divididas,13,4,CartaAlta,JFact (FaCT++),C:\Users\guill\OneDrive\Desktop\poker-ontology\resultados\instancias_divididas\barajas_13_rangos\resultado_baraja_13r_4p\baraja_13r_4p_carta_alta_benchmark_20260709_122306.csv,True,False,,,,,,,,,False,,,,,,,,,,,
instancias_divididas,13,4,CartaAlta,Openllet (Pellet),C:\Users\guill\OneDrive\Desktop\poker-ontology\resultados\instancias_divididas\barajas_13_rangos\resultado_baraja_13r_4p\baraja_13r_4p_carta_alta_benchmark_20260709_122306.csv,True,False,,,,,,,,,False,,,,,,,,,,,
instancias_divididas,13,4,Color,HermiT,C:\Users\guill\OneDrive\Desktop\poker-ontology\resultados\instancias_divididas\barajas_13_rangos\resultado_baraja_13r_4p\baraja_13r_4p_color_benchmark_20260709_125155.csv,False,False,,160.0,190.0,27274.0,27464.0,678.0,32.0,8.0,True,4.0,0.0,0.0,0.0,0.0,4.0,0.0,0.0,0.0,0.0,27.464
instancias_divididas,13,4,Color,JFact (FaCT++),C:\Users\guill\OneDrive\Desktop\poker-ontology\resultados\instancias_divididas\barajas_13_rangos\resultado_baraja_13r_4p\baraja_13r_4p_color_benchmark_20260709_125155.csv,False,False,,84.0,53.0,52387.0,52440.0,14728.0,32.0,8.0,True,4.0,0.0,0.0,0.0,0.0,4.0,0.0,0.0,0.0,0.0,52.44
instancias_divididas,13,4,Color,Openllet (Pellet),C:\Users\guill\OneDrive\Desktop\poker-ontology\resultados\instancias_divididas\barajas_13_rangos\resultado_baraja_13r_4p\baraja_13r_4p_color_benchmark_20260709_125155.csv,True,False,,,,,,,,,False,,,,,,,,,,,
instancias_divididas,13,4,DoblePar,HermiT,C:\Users\guill\OneDrive\Desktop\poker-ontology\resultados\instancias_divididas\barajas_13_rangos\resultado_baraja_13r_4p\baraja_13r_4p_doble_par_benchmark_20260709_122843.csv,False,False,,142.0,182.0,8046.0,8228.0,294.0,32.0,12.0,True,4.0,4.0,4.0,0.0,0.0,0.0,0.0,0.0,0.0,0.0,8.228
instancias_divididas,13,4,DoblePar,JFact (FaCT++),C:\Users\guill\OneDrive\Desktop\poker-ontology\resultados\instancias_divididas\barajas_13_rangos\resultado_baraja_13r_4p\baraja_13r_4p_doble_par_benchmark_20260709_122843.csv,True,False,,,,,,,,,False,,,,,,,,,,,
instancias_divididas,13,4,DoblePar,Openllet (Pellet),C:\Users\guill\OneDrive\Desktop\poker-ontology\resultados\instancias_divididas\barajas_13_rangos\resultado_baraja_13r_4p\baraja_13r_4p_doble_par_benchmark_20260709_122843.csv,True,False,,,,,,,,,False,,,,,,,,,,,
instancias_divididas,13,4,Escalera,HermiT,C:\Users\guill\OneDrive\Desktop\poker-ontology\resultados\instancias_divididas\barajas_13_rangos\resultado_baraja_13r_4p\baraja_13r_4p_escalera_benchmark_20260709_124612.csv,False,False,,145.0,187.0,10879.0,11066.0,662.0,32.0,8.0,True,4.0,0.0,0.0,0.0,4.0,0.0,0.0,0.0,0.0,0.0,11.066
instancias_divididas,13,4,Escalera,JFact (FaCT++),C:\Users\guill\OneDrive\Desktop\poker-ontology\resultados\instancias_divididas\barajas_13_rangos\resultado_baraja_13r_4p\baraja_13r_4p_escalera_benchmark_20260709_124612.csv,True,False,,,,,,,,,False,,,,,,,,,,,
instancias_divididas,13,4,Escalera,Openllet (Pellet),C:\Users\guill\OneDrive\Desktop\poker-ontology\resultados\instancias_divididas\barajas_13_rangos\resultado_baraja_13r_4p\baraja_13r_4p_escalera_benchmark_20260709_124612.csv,True,False,,,,,,,,,False,,,,,,,,,,,
instancias_divididas,13,4,EscaleraColor,HermiT,C:\Users\guill\OneDrive\Desktop\poker-ontology\resultados\instancias_divididas\barajas_13_rangos\resultado_baraja_13r_4p\baraja_13r_4p_escalera_color_benchmark_20260709_130652.csv,False,False,,145.0,192.0,18906.0,19098.0,838.0,32.0,16.0,True,4.0,0.0,0.0,0.0,4.0,4.0,0.0,0.0,4.0,0.0,19.098
instancias_divididas,13,4,EscaleraColor,JFact (FaCT++),C:\Users\guill\OneDrive\Desktop\poker-ontology\resultados\instancias_divididas\barajas_13_rangos\resultado_baraja_13r_4p\baraja_13r_4p_escalera_color_benchmark_20260709_130652.csv,True,False,,,,,,,,,False,,,,,,,,,,,
instancias_divididas,13,4,EscaleraColor,Openllet (Pellet),C:\Users\guill\OneDrive\Desktop\poker-ontology\resultados\instancias_divididas\barajas_13_rangos\resultado_baraja_13r_4p\baraja_13r_4p_escalera_color_benchmark_20260709_130652.csv,True,False,,,,,,,,,False,,,,,,,,,,,
instancias_divididas,13,4,EscaleraReal,HermiT,C:\Users\guill\OneDrive\Desktop\poker-ontology\resultados\instancias_divididas\barajas_13_rangos\resultado_baraja_13r_4p\baraja_13r_4p_escalera_real_benchmark_20260709_131243.csv,False,False,,148.0,212.0,4598.0,4810.0,214.0,32.0,20.0,True,4.0,0.0,0.0,0.0,4.0,4.0,0.0,0.0,4.0,4.0,4.81
instancias_divididas,13,4,EscaleraReal,JFact (FaCT++),C:\Users\guill\OneDrive\Desktop\poker-ontology\resultados\instancias_divididas\barajas_13_rangos\resultado_baraja_13r_4p\baraja_13r_4p_escalera_real_benchmark_20260709_131243.csv,False,False,,59.0,60.0,106046.0,106106.0,14728.0,32.0,20.0,True,4.0,0.0,0.0,0.0,4.0,4.0,0.0,0.0,4.0,4.0,106.106
instancias_divididas,13,4,EscaleraReal,Openllet (Pellet),C:\Users\guill\OneDrive\Desktop\poker-ontology\resultados\instancias_divididas\barajas_13_rangos\resultado_baraja_13r_4p\baraja_13r_4p_escalera_real_benchmark_20260709_131243.csv,True,False,,,,,,,,,False,,,,,,,,,,,
instancias_divididas,13,4,Full,HermiT,C:\Users\guill\OneDrive\Desktop\poker-ontology\resultados\instancias_divididas\barajas_13_rangos\resultado_baraja_13r_4p\baraja_13r_4p_full_benchmark_20260709_125347.csv,False,False,,152.0,179.0,31138.0,31317.0,726.0,32.0,20.0,True,4.0,4.0,4.0,4.0,0.0,0.0,4.0,0.0,0.0,0.0,31.317
instancias_divididas,13,4,Full,JFact (FaCT++),C:\Users\guill\OneDrive\Desktop\poker-ontology\resultados\instancias_divididas\barajas_13_rangos\resultado_baraja_13r_4p\baraja_13r_4p_full_benchmark_20260709_125347.csv,True,False,,,,,,,,,False,,,,,,,,,,,
instancias_divididas,13,4,Full,Openllet (Pellet),C:\Users\guill\OneDrive\Desktop\poker-ontology\resultados\instancias_divididas\barajas_13_rangos\resultado_baraja_13r_4p\baraja_13r_4p_full_benchmark_20260709_125347.csv,True,False,,,,,,,,,False,,,,,,,,,,,
instancias_divididas,13,4,Par,HermiT,C:\Users\guill\OneDrive\Desktop\poker-ontology\resultados\instancias_divididas\barajas_13_rangos\resultado_baraja_13r_4p\baraja_13r_4p_par_benchmark_20260709_123423.csv,False,False,,154.0,188.0,17150.0,17338.0,374.0,32.0,8.0,True,4.0,4.0,0.0,0.0,0.0,0.0,0.0,0.0,0.0,0.0,17.338
instancias_divididas,13,4,Par,JFact (FaCT++),C:\Users\guill\OneDrive\Desktop\poker-ontology\resultados\instancias_divididas\barajas_13_rangos\resultado_baraja_13r_4p\baraja_13r_4p_par_benchmark_20260709_123423.csv,True,False,,,,,,,,,False,,,,,,,,,,,
instancias_divididas,13,4,Par,Openllet (Pellet),C:\Users\guill\OneDrive\Desktop\poker-ontology\resultados\instancias_divididas\barajas_13_rangos\resultado_baraja_13r_4p\baraja_13r_4p_par_benchmark_20260709_123423.csv,True,False,,,,,,,,,False,,,,,,,,,,,
instancias_divididas,13,4,Poker,HermiT,C:\Users\guill\OneDrive\Desktop\poker-ontology\resultados\instancias_divididas\barajas_13_rangos\resultado_baraja_13r_4p\baraja_13r_4p_poker_benchmark_20260709_125950.csv,False,False,,150.0,220.0,90513.0,90733.0,1243.0,32.0,16.0,True,4.0,4.0,0.0,4.0,0.0,0.0,0.0,4.0,0.0,0.0,90.733
instancias_divididas,13,4,Poker,JFact (FaCT++),C:\Users\guill\OneDrive\Desktop\poker-ontology\resultados\instancias_divididas\barajas_13_rangos\resultado_baraja_13r_4p\baraja_13r_4p_poker_benchmark_20260709_125950.csv,True,False,,,,,,,,,False,,,,,,,,,,,
instancias_divididas,13,4,Poker,Openllet (Pellet),C:\Users\guill\OneDrive\Desktop\poker-ontology\resultados\instancias_divididas\barajas_13_rangos\resultado_baraja_13r_4p\baraja_13r_4p_poker_benchmark_20260709_125950.csv,True,False,,,,,,,,,False,,,,,,,,,,,
instancias_divididas,13,4,Trio,HermiT,C:\Users\guill\OneDrive\Desktop\poker-ontology\resultados\instancias_divididas\barajas_13_rangos\resultado_baraja_13r_4p\baraja_13r_4p_trio_benchmark_20260709_124012.csv,False,False,,150.0,174.0,27773.0,27947.0,710.0,32.0,12.0,True,4.0,4.0,0.0,4.0,0.0,0.0,0.0,0.0,0.0,0.0,27.947
instancias_divididas,13,4,Trio,JFact (FaCT++),C:\Users\guill\OneDrive\Desktop\poker-ontology\resultados\instancias_divididas\barajas_13_rangos\resultado_baraja_13r_4p\baraja_13r_4p_trio_benchmark_20260709_124012.csv,True,False,,,,,,,,,False,,,,,,,,,,,
instancias_divididas,13,4,Trio,Openllet (Pellet),C:\Users\guill\OneDrive\Desktop\poker-ontology\resultados\instancias_divididas\barajas_13_rangos\resultado_baraja_13r_4p\baraja_13r_4p_trio_benchmark_20260709_124012.csv,True,False,,,,,,,,,False,,,,,,,,,,,
instancias_divididas,13,8,CartaAlta,HermiT,C:\Users\guill\OneDrive\Desktop\poker-ontology\resultados\instancias_divididas\barajas_13_rangos\resultado_baraja_13r_8p\baraja_13r_8p_carta_alta_benchmark_20260709_111508.csv,False,False,,148.0,207.0,6377.0,6584.0,278.0,36.0,4.0,True,4.0,0.0,0.0,0.0,0.0,0.0,0.0,0.0,0.0,0.0,6.584
instancias_divididas,13,8,CartaAlta,JFact (FaCT++),C:\Users\guill\OneDrive\Desktop\poker-ontology\resultados\instancias_divididas\barajas_13_rangos\resultado_baraja_13r_8p\baraja_13r_8p_carta_alta_benchmark_20260709_111508.csv,True,False,,,,,,,,,False,,,,,,,,,,,
instancias_divididas,13,8,CartaAlta,Openllet (Pellet),C:\Users\guill\OneDrive\Desktop\poker-ontology\resultados\instancias_divididas\barajas_13_rangos\resultado_baraja_13r_8p\baraja_13r_8p_carta_alta_benchmark_20260709_111508.csv,True,False,,,,,,,,,False,,,,,,,,,,,
instancias_divididas,13,8,Color,HermiT,C:\Users\guill\OneDrive\Desktop\poker-ontology\resultados\instancias_divididas\barajas_13_rangos\resultado_baraja_13r_8p\baraja_13r_8p_color_benchmark_20260709_114350.csv,False,False,,158.0,258.0,35190.0,35448.0,870.0,36.0,8.0,True,4.0,0.0,0.0,0.0,0.0,4.0,0.0,0.0,0.0,0.0,35.448
instancias_divididas,13,8,Color,JFact (FaCT++),C:\Users\guill\OneDrive\Desktop\poker-ontology\resultados\instancias_divididas\barajas_13_rangos\resultado_baraja_13r_8p\baraja_13r_8p_color_benchmark_20260709_114350.csv,True,False,,,,,,,,,False,,,,,,,,,,,
instancias_divididas,13,8,Color,Openllet (Pellet),C:\Users\guill\OneDrive\Desktop\poker-ontology\resultados\instancias_divididas\barajas_13_rangos\resultado_baraja_13r_8p\baraja_13r_8p_color_benchmark_20260709_114350.csv,True,False,,,,,,,,,False,,,,,,,,,,,
instancias_divididas,13,8,DoblePar,HermiT,C:\Users\guill\OneDrive\Desktop\poker-ontology\resultados\instancias_divididas\barajas_13_rangos\resultado_baraja_13r_8p\baraja_13r_8p_doble_par_benchmark_20260709_112046.csv,False,False,,138.0,209.0,9742.0,9951.0,326.0,36.0,12.0,True,4.0,4.0,4.0,0.0,0.0,0.0,0.0,0.0,0.0,0.0,9.951
instancias_divididas,13,8,DoblePar,JFact (FaCT++),C:\Users\guill\OneDrive\Desktop\poker-ontology\resultados\instancias_divididas\barajas_13_rangos\resultado_baraja_13r_8p\baraja_13r_8p_doble_par_benchmark_20260709_112046.csv,True,False,,,,,,,,,False,,,,,,,,,,,
instancias_divididas,13,8,DoblePar,Openllet (Pellet),C:\Users\guill\OneDrive\Desktop\poker-ontology\resultados\instancias_divididas\barajas_13_rangos\resultado_baraja_13r_8p\baraja_13r_8p_doble_par_benchmark_20260709_112046.csv,True,False,,,,,,,,,False,,,,,,,,,,,
instancias_divididas,13,8,Escalera,HermiT,C:\Users\guill\OneDrive\Desktop\poker-ontology\resultados\instancias_divididas\barajas_13_rangos\resultado_baraja_13r_8p\baraja_13r_8p_escalera_benchmark_20260709_113809.csv,False,False,,138.0,222.0,9020.0,9242.0,438.0,36.0,8.0,True,4.0,0.0,0.0,0.0,4.0,0.0,0.0,0.0,0.0,0.0,9.242
instancias_divididas,13,8,Escalera,JFact (FaCT++),C:\Users\guill\OneDrive\Desktop\poker-ontology\resultados\instancias_divididas\barajas_13_rangos\resultado_baraja_13r_8p\baraja_13r_8p_escalera_benchmark_20260709_113809.csv,True,False,,,,,,,,,False,,,,,,,,,,,
instancias_divididas,13,8,Escalera,Openllet (Pellet),C:\Users\guill\OneDrive\Desktop\poker-ontology\resultados\instancias_divididas\barajas_13_rangos\resultado_baraja_13r_8p\baraja_13r_8p_escalera_benchmark_20260709_113809.csv,True,False,,,,,,,,,False,,,,,,,,,,,
instancias_divididas,13,8,EscaleraColor,HermiT,C:\Users\guill\OneDrive\Desktop\poker-ontology\resultados\instancias_divididas\barajas_13_rangos\resultado_baraja_13r_8p\baraja_13r_8p_escalera_color_benchmark_20260709_120340.csv,False,False,,166.0,221.0,32493.0,32714.0,1110.0,36.0,16.0,True,4.0,0.0,0.0,0.0,4.0,4.0,0.0,0.0,4.0,0.0,32.714
instancias_divididas,13,8,EscaleraColor,JFact (FaCT++),C:\Users\guill\OneDrive\Desktop\poker-ontology\resultados\instancias_divididas\barajas_13_rangos\resultado_baraja_13r_8p\baraja_13r_8p_escalera_color_benchmark_20260709_120340.csv,True,False,,,,,,,,,False,,,,,,,,,,,
instancias_divididas,13,8,EscaleraColor,Openllet (Pellet),C:\Users\guill\OneDrive\Desktop\poker-ontology\resultados\instancias_divididas\barajas_13_rangos\resultado_baraja_13r_8p\baraja_13r_8p_escalera_color_benchmark_20260709_120340.csv,True,False,,,,,,,,,False,,,,,,,,,,,
instancias_divididas,13,8,EscaleraReal,HermiT,C:\Users\guill\OneDrive\Desktop\poker-ontology\resultados\instancias_divididas\barajas_13_rangos\resultado_baraja_13r_8p\baraja_13r_8p_escalera_real_benchmark_20260709_120945.csv,False,False,,150.0,221.0,8450.0,8671.0,294.0,36.0,20.0,True,4.0,0.0,0.0,0.0,4.0,4.0,0.0,0.0,4.0,4.0,8.671
instancias_divididas,13,8,EscaleraReal,JFact (FaCT++),C:\Users\guill\OneDrive\Desktop\poker-ontology\resultados\instancias_divididas\barajas_13_rangos\resultado_baraja_13r_8p\baraja_13r_8p_escalera_real_benchmark_20260709_120945.csv,False,False,,72.0,55.0,197916.0,197971.0,14731.0,36.0,20.0,True,4.0,0.0,0.0,0.0,4.0,4.0,0.0,0.0,4.0,4.0,197.971
instancias_divididas,13,8,EscaleraReal,Openllet (Pellet),C:\Users\guill\OneDrive\Desktop\poker-ontology\resultados\instancias_divididas\barajas_13_rangos\resultado_baraja_13r_8p\baraja_13r_8p_escalera_real_benchmark_20260709_120945.csv,True,False,,,,,,,,,False,,,,,,,,,,,
instancias_divididas,13,8,Full,HermiT,C:\Users\guill\OneDrive\Desktop\poker-ontology\resultados\instancias_divididas\barajas_13_rangos\resultado_baraja_13r_8p\baraja_13r_8p_full_benchmark_20260709_114957.csv,False,False,,179.0,234.0,23636.0,23870.0,662.0,36.0,20.0,True,4.0,4.0,4.0,4.0,0.0,0.0,4.0,0.0,0.0,0.0,23.87
instancias_divididas,13,8,Full,JFact (FaCT++),C:\Users\guill\OneDrive\Desktop\poker-ontology\resultados\instancias_divididas\barajas_13_rangos\resultado_baraja_13r_8p\baraja_13r_8p_full_benchmark_20260709_114957.csv,True,False,,,,,,,,,False,,,,,,,,,,,
instancias_divididas,13,8,Full,Openllet (Pellet),C:\Users\guill\OneDrive\Desktop\poker-ontology\resultados\instancias_divididas\barajas_13_rangos\resultado_baraja_13r_8p\baraja_13r_8p_full_benchmark_20260709_114957.csv,True,False,,,,,,,,,False,,,,,,,,,,,
instancias_divididas,13,8,Par,HermiT,C:\Users\guill\OneDrive\Desktop\poker-ontology\resultados\instancias_divididas\barajas_13_rangos\resultado_baraja_13r_8p\baraja_13r_8p_par_benchmark_20260709_112628.csv,False,False,,152.0,241.0,19685.0,19926.0,390.0,36.0,8.0,True,4.0,4.0,0.0,0.0,0.0,0.0,0.0,0.0,0.0,0.0,19.926
instancias_divididas,13,8,Par,JFact (FaCT++),C:\Users\guill\OneDrive\Desktop\poker-ontology\resultados\instancias_divididas\barajas_13_rangos\resultado_baraja_13r_8p\baraja_13r_8p_par_benchmark_20260709_112628.csv,True,False,,,,,,,,,False,,,,,,,,,,,
instancias_divididas,13,8,Par,Openllet (Pellet),C:\Users\guill\OneDrive\Desktop\poker-ontology\resultados\instancias_divididas\barajas_13_rangos\resultado_baraja_13r_8p\baraja_13r_8p_par_benchmark_20260709_112628.csv,True,False,,,,,,,,,False,,,,,,,,,,,
instancias_divididas,13,8,Poker,HermiT,C:\Users\guill\OneDrive\Desktop\poker-ontology\resultados\instancias_divididas\barajas_13_rangos\resultado_baraja_13r_8p\baraja_13r_8p_poker_benchmark_20260709_115553.csv,False,False,,153.0,220.0,135271.0,135491.0,1250.0,36.0,16.0,True,4.0,4.0,0.0,4.0,0.0,0.0,0.0,4.0,0.0,0.0,135.491
instancias_divididas,13,8,Poker,JFact (FaCT++),C:\Users\guill\OneDrive\Desktop\poker-ontology\resultados\instancias_divididas\barajas_13_rangos\resultado_baraja_13r_8p\baraja_13r_8p_poker_benchmark_20260709_115553.csv,True,False,,,,,,,,,False,,,,,,,,,,,
instancias_divididas,13,8,Poker,Openllet (Pellet),C:\Users\guill\OneDrive\Desktop\poker-ontology\resultados\instancias_divididas\barajas_13_rangos\resultado_baraja_13r_8p\baraja_13r_8p_poker_benchmark_20260709_115553.csv,True,False,,,,,,,,,False,,,,,,,,,,,
instancias_divididas,13,8,Trio,HermiT,C:\Users\guill\OneDrive\Desktop\poker-ontology\resultados\instancias_divididas\barajas_13_rangos\resultado_baraja_13r_8p\baraja_13r_8p_trio_benchmark_20260709_113220.csv,False,False,,141.0,229.0,16902.0,17131.0,470.0,36.0,12.0,True,4.0,4.0,0.0,4.0,0.0,0.0,0.0,0.0,0.0,0.0,17.131
instancias_divididas,13,8,Trio,JFact (FaCT++),C:\Users\guill\OneDrive\Desktop\poker-ontology\resultados\instancias_divididas\barajas_13_rangos\resultado_baraja_13r_8p\baraja_13r_8p_trio_benchmark_20260709_113220.csv,True,False,,,,,,,,,False,,,,,,,,,,,
instancias_divididas,13,8,Trio,Openllet (Pellet),C:\Users\guill\OneDrive\Desktop\poker-ontology\resultados\instancias_divididas\barajas_13_rangos\resultado_baraja_13r_8p\baraja_13r_8p_trio_benchmark_20260709_113220.csv,True,False,,,,,,,,,False,,,,,,,,,,,
instancias_divididas,19,12,CartaAlta,HermiT,C:\Users\guill\OneDrive\Desktop\poker-ontology\resultados\instancias_divididas\barajas_19_rangos\resultado_baraja_19r_12p\baraja_19r_12p_carta_alta_benchmark_20260708_202534.csv,False,False,,181.0,272.0,7938.0,8210.0,439.0,46.0,4.0,True,4.0,0.0,0.0,0.0,0.0,0.0,0.0,0.0,0.0,0.0,8.21
instancias_divididas,19,12,CartaAlta,JFact (FaCT++),C:\Users\guill\OneDrive\Desktop\poker-ontology\resultados\instancias_divididas\barajas_19_rangos\resultado_baraja_19r_12p\baraja_19r_12p_carta_alta_benchmark_20260708_202534.csv,False,False,,106.0,93.0,149080.0,149173.0,14733.0,46.0,4.0,True,4.0,0.0,0.0,0.0,0.0,0.0,0.0,0.0,0.0,0.0,149.173
instancias_divididas,19,12,CartaAlta,Openllet (Pellet),C:\Users\guill\OneDrive\Desktop\poker-ontology\resultados\instancias_divididas\barajas_19_rangos\resultado_baraja_19r_12p\baraja_19r_12p_carta_alta_benchmark_20260708_202534.csv,True,False,,,,,,,,,False,,,,,,,,,,,
instancias_divididas,19,12,Color,HermiT,C:\Users\guill\OneDrive\Desktop\poker-ontology\resultados\instancias_divididas\barajas_19_rangos\resultado_baraja_19r_12p\baraja_19r_12p_color_benchmark_20260708_210306.csv,False,False,,208.0,269.0,77909.0,78178.0,1237.0,46.0,8.0,True,4.0,0.0,0.0,0.0,0.0,4.0,0.0,0.0,0.0,0.0,78.178
instancias_divididas,19,12,Color,JFact (FaCT++),C:\Users\guill\OneDrive\Desktop\poker-ontology\resultados\instancias_divididas\barajas_19_rangos\resultado_baraja_19r_12p\baraja_19r_12p_color_benchmark_20260708_210306.csv,False,False,,84.0,114.0,146640.0,146754.0,14734.0,46.0,8.0,True,4.0,0.0,0.0,0.0,0.0,4.0,0.0,0.0,0.0,0.0,146.754
instancias_divididas,19,12,Color,Openllet (Pellet),C:\Users\guill\OneDrive\Desktop\poker-ontology\resultados\instancias_divididas\barajas_19_rangos\resultado_baraja_19r_12p\baraja_19r_12p_color_benchmark_20260708_210306.csv,True,False,,,,,,,,,False,,,,,,,,,,,
instancias_divididas,19,12,DoblePar,HermiT,C:\Users\guill\OneDrive\Desktop\poker-ontology\resultados\instancias_divididas\barajas_19_rangos\resultado_baraja_19r_12p\baraja_19r_12p_doble_par_benchmark_20260708_202844.csv,False,False,,172.0,259.0,12983.0,13242.0,487.0,46.0,12.0,True,4.0,4.0,4.0,0.0,0.0,0.0,0.0,0.0,0.0,0.0,13.242
instancias_divididas,19,12,DoblePar,JFact (FaCT++),C:\Users\guill\OneDrive\Desktop\poker-ontology\resultados\instancias_divididas\barajas_19_rangos\resultado_baraja_19r_12p\baraja_19r_12p_doble_par_benchmark_20260708_202844.csv,True,False,,,,,,,,,False,,,,,,,,,,,
instancias_divididas,19,12,DoblePar,Openllet (Pellet),C:\Users\guill\OneDrive\Desktop\poker-ontology\resultados\instancias_divididas\barajas_19_rangos\resultado_baraja_19r_12p\baraja_19r_12p_doble_par_benchmark_20260708_202844.csv,True,False,,,,,,,,,False,,,,,,,,,,,
instancias_divididas,19,12,Escalera,HermiT,C:\Users\guill\OneDrive\Desktop\poker-ontology\resultados\instancias_divididas\barajas_19_rangos\resultado_baraja_19r_12p\baraja_19r_12p_escalera_benchmark_20260708_210132.csv,False,False,,192.0,229.0,22893.0,23122.0,983.0,46.0,8.0,True,4.0,0.0,0.0,0.0,4.0,0.0,0.0,0.0,0.0,0.0,23.122
instancias_divididas,19,12,Escalera,JFact (FaCT++),C:\Users\guill\OneDrive\Desktop\poker-ontology\resultados\instancias_divididas\barajas_19_rangos\resultado_baraja_19r_12p\baraja_19r_12p_escalera_benchmark_20260708_210132.csv,False,False,,83.0,102.0,39140.0,39242.0,14733.0,46.0,8.0,True,4.0,0.0,0.0,0.0,4.0,0.0,0.0,0.0,0.0,0.0,39.242
instancias_divididas,19,12,Escalera,Openllet (Pellet),C:\Users\guill\OneDrive\Desktop\poker-ontology\resultados\instancias_divididas\barajas_19_rangos\resultado_baraja_19r_12p\baraja_19r_12p_escalera_benchmark_20260708_210132.csv,True,False,,,,,,,,,False,,,,,,,,,,,
instancias_divididas,19,12,EscaleraColor,HermiT,C:\Users\guill\OneDrive\Desktop\poker-ontology\resultados\instancias_divididas\barajas_19_rangos\resultado_baraja_19r_12p\baraja_19r_12p_escalera_color_benchmark_20260708_212359.csv,False,False,,189.0,290.0,81321.0,81611.0,1252.0,46.0,16.0,True,4.0,0.0,0.0,0.0,4.0,4.0,0.0,0.0,4.0,0.0,81.611
instancias_divididas,19,12,EscaleraColor,JFact (FaCT++),C:\Users\guill\OneDrive\Desktop\poker-ontology\resultados\instancias_divididas\barajas_19_rangos\resultado_baraja_19r_12p\baraja_19r_12p_escalera_color_benchmark_20260708_212359.csv,True,False,,,,,,,,,False,,,,,,,,,,,
instancias_divididas,19,12,EscaleraColor,Openllet (Pellet),C:\Users\guill\OneDrive\Desktop\poker-ontology\resultados\instancias_divididas\barajas_19_rangos\resultado_baraja_19r_12p\baraja_19r_12p_escalera_color_benchmark_20260708_212359.csv,True,False,,,,,,,,,False,,,,,,,,,,,
instancias_divididas,19,12,EscaleraReal,HermiT,C:\Users\guill\OneDrive\Desktop\poker-ontology\resultados\instancias_divididas\barajas_19_rangos\resultado_baraja_19r_12p\baraja_19r_12p_escalera_real_benchmark_20260708_213553.csv,False,False,,199.0,242.0,11790.0,12032.0,519.0,46.0,20.0,True,4.0,0.0,0.0,0.0,4.0,4.0,0.0,0.0,4.0,4.0,12.032
instancias_divididas,19,12,EscaleraReal,JFact (FaCT++),C:\Users\guill\OneDrive\Desktop\poker-ontology\resultados\instancias_divididas\barajas_19_rangos\resultado_baraja_19r_12p\baraja_19r_12p_escalera_real_benchmark_20260708_213553.csv,False,False,,104.0,86.0,77974.0,78060.0,14733.0,46.0,20.0,True,4.0,0.0,0.0,0.0,4.0,4.0,0.0,0.0,4.0,4.0,78.06
instancias_divididas,19,12,EscaleraReal,Openllet (Pellet),C:\Users\guill\OneDrive\Desktop\poker-ontology\resultados\instancias_divididas\barajas_19_rangos\resultado_baraja_19r_12p\baraja_19r_12p_escalera_real_benchmark_20260708_213553.csv,True,False,,,,,,,,,False,,,,,,,,,,,
instancias_divididas,19,12,Full,HermiT,C:\Users\guill\OneDrive\Desktop\poker-ontology\resultados\instancias_divididas\barajas_19_rangos\resultado_baraja_19r_12p\baraja_19r_12p_full_benchmark_20260708_210723.csv,False,False,,213.0,277.0,34619.0,34896.0,935.0,46.0,20.0,True,4.0,4.0,4.0,4.0,0.0,0.0,4.0,0.0,0.0,0.0,34.896
instancias_divididas,19,12,Full,JFact (FaCT++),C:\Users\guill\OneDrive\Desktop\poker-ontology\resultados\instancias_divididas\barajas_19_rangos\resultado_baraja_19r_12p\baraja_19r_12p_full_benchmark_20260708_210723.csv,False,False,,76.0,121.0,167915.0,168036.0,14733.0,46.0,20.0,True,4.0,4.0,4.0,4.0,0.0,0.0,4.0,0.0,0.0,0.0,168.036
instancias_divididas,19,12,Full,Openllet (Pellet),C:\Users\guill\OneDrive\Desktop\poker-ontology\resultados\instancias_divididas\barajas_19_rangos\resultado_baraja_19r_12p\baraja_19r_12p_full_benchmark_20260708_210723.csv,True,False,,,,,,,,,False,,,,,,,,,,,
instancias_divididas,19,12,Par,HermiT,C:\Users\guill\OneDrive\Desktop\poker-ontology\resultados\instancias_divididas\barajas_19_rangos\resultado_baraja_19r_12p\baraja_19r_12p_par_benchmark_20260708_203929.csv,False,False,,218.0,221.0,21655.0,21876.0,567.0,46.0,8.0,True,4.0,4.0,0.0,0.0,0.0,0.0,0.0,0.0,0.0,0.0,21.876
instancias_divididas,19,12,Par,JFact (FaCT++),C:\Users\guill\OneDrive\Desktop\poker-ontology\resultados\instancias_divididas\barajas_19_rangos\resultado_baraja_19r_12p\baraja_19r_12p_par_benchmark_20260708_203929.csv,True,False,,,,,,,,,False,,,,,,,,,,,
instancias_divididas,19,12,Par,Openllet (Pellet),C:\Users\guill\OneDrive\Desktop\poker-ontology\resultados\instancias_divididas\barajas_19_rangos\resultado_baraja_19r_12p\baraja_19r_12p_par_benchmark_20260708_203929.csv,True,False,,,,,,,,,False,,,,,,,,,,,
instancias_divididas,19,12,Poker,HermiT,C:\Users\guill\OneDrive\Desktop\poker-ontology\resultados\instancias_divididas\barajas_19_rangos\resultado_baraja_19r_12p\baraja_19r_12p_poker_benchmark_20260708_211118.csv,False,False,,196.0,242.0,128414.0,128656.0,1253.0,46.0,16.0,True,4.0,4.0,0.0,4.0,0.0,0.0,0.0,4.0,0.0,0.0,128.656
instancias_divididas,19,12,Poker,JFact (FaCT++),C:\Users\guill\OneDrive\Desktop\poker-ontology\resultados\instancias_divididas\barajas_19_rangos\resultado_baraja_19r_12p\baraja_19r_12p_poker_benchmark_20260708_211118.csv,True,False,,,,,,,,,False,,,,,,,,,,,
instancias_divididas,19,12,Poker,Openllet (Pellet),C:\Users\guill\OneDrive\Desktop\poker-ontology\resultados\instancias_divididas\barajas_19_rangos\resultado_baraja_19r_12p\baraja_19r_12p_poker_benchmark_20260708_211118.csv,True,False,,,,,,,,,False,,,,,,,,,,,
instancias_divididas,19,12,Trio,HermiT,C:\Users\guill\OneDrive\Desktop\poker-ontology\resultados\instancias_divididas\barajas_19_rangos\resultado_baraja_19r_12p\baraja_19r_12p_trio_benchmark_20260708_205023.csv,False,False,,186.0,256.0,35738.0,35994.0,903.0,46.0,12.0,True,4.0,4.0,0.0,4.0,0.0,0.0,0.0,0.0,0.0,0.0,35.994
instancias_divididas,19,12,Trio,JFact (FaCT++),C:\Users\guill\OneDrive\Desktop\poker-ontology\resultados\instancias_divididas\barajas_19_rangos\resultado_baraja_19r_12p\baraja_19r_12p_trio_benchmark_20260708_205023.csv,True,False,,,,,,,,,False,,,,,,,,,,,
instancias_divididas,19,12,Trio,Openllet (Pellet),C:\Users\guill\OneDrive\Desktop\poker-ontology\resultados\instancias_divididas\barajas_19_rangos\resultado_baraja_19r_12p\baraja_19r_12p_trio_benchmark_20260708_205023.csv,True,False,,,,,,,,,False,,,,,,,,,,,
instancias_divididas,19,16,CartaAlta,HermiT,C:\Users\guill\OneDrive\Desktop\poker-ontology\resultados\instancias_divididas\barajas_19_rangos\resultado_baraja_19r_16p\baraja_19r_16p_carta_alta_benchmark_20260708_194004.csv,False,False,,214.0,342.0,15143.0,15485.0,583.0,50.0,4.0,True,4.0,0.0,0.0,0.0,0.0,0.0,0.0,0.0,0.0,0.0,15.485
instancias_divididas,19,16,CartaAlta,JFact (FaCT++),C:\Users\guill\OneDrive\Desktop\poker-ontology\resultados\instancias_divididas\barajas_19_rangos\resultado_baraja_19r_16p\baraja_19r_16p_carta_alta_benchmark_20260708_194004.csv,False,False,,90.0,75.0,144448.0,144523.0,14735.0,50.0,4.0,True,4.0,0.0,0.0,0.0,0.0,0.0,0.0,0.0,0.0,0.0,144.523
instancias_divididas,19,16,CartaAlta,Openllet (Pellet),C:\Users\guill\OneDrive\Desktop\poker-ontology\resultados\instancias_divididas\barajas_19_rangos\resultado_baraja_19r_16p\baraja_19r_16p_carta_alta_benchmark_20260708_194004.csv,True,False,,,,,,,,,False,,,,,,,,,,,
instancias_divididas,19,16,Color,HermiT,C:\Users\guill\OneDrive\Desktop\poker-ontology\resultados\instancias_divididas\barajas_19_rangos\resultado_baraja_19r_16p\baraja_19r_16p_color_benchmark_20260708_200122.csv,False,False,,237.0,280.0,52056.0,52336.0,1240.0,50.0,8.0,True,4.0,0.0,0.0,0.0,0.0,4.0,0.0,0.0,0.0,0.0,52.336
instancias_divididas,19,16,Color,JFact (FaCT++),C:\Users\guill\OneDrive\Desktop\poker-ontology\resultados\instancias_divididas\barajas_19_rangos\resultado_baraja_19r_16p\baraja_19r_16p_color_benchmark_20260708_200122.csv,False,False,,127.0,92.0,219559.0,219651.0,14739.0,50.0,8.0,True,4.0,0.0,0.0,0.0,0.0,4.0,0.0,0.0,0.0,0.0,219.651
instancias_divididas,19,16,Color,Openllet (Pellet),C:\Users\guill\OneDrive\Desktop\poker-ontology\resultados\instancias_divididas\barajas_19_rangos\resultado_baraja_19r_16p\baraja_19r_16p_color_benchmark_20260708_200122.csv,True,False,,,,,,,,,False,,,,,,,,,,,
instancias_divididas,19,16,DoblePar,HermiT,C:\Users\guill\OneDrive\Desktop\poker-ontology\resultados\instancias_divididas\barajas_19_rangos\resultado_baraja_19r_16p\baraja_19r_16p_doble_par_benchmark_20260708_194316.csv,False,False,,241.0,301.0,14575.0,14876.0,631.0,50.0,12.0,True,4.0,4.0,4.0,0.0,0.0,0.0,0.0,0.0,0.0,0.0,14.876
instancias_divididas,19,16,DoblePar,JFact (FaCT++),C:\Users\guill\OneDrive\Desktop\poker-ontology\resultados\instancias_divididas\barajas_19_rangos\resultado_baraja_19r_16p\baraja_19r_16p_doble_par_benchmark_20260708_194316.csv,True,False,,,,,,,,,False,,,,,,,,,,,
instancias_divididas,19,16,DoblePar,Openllet (Pellet),C:\Users\guill\OneDrive\Desktop\poker-ontology\resultados\instancias_divididas\barajas_19_rangos\resultado_baraja_19r_16p\baraja_19r_16p_doble_par_benchmark_20260708_194316.csv,True,False,,,,,,,,,False,,,,,,,,,,,
instancias_divididas,19,16,Escalera,HermiT,C:\Users\guill\OneDrive\Desktop\poker-ontology\resultados\instancias_divididas\barajas_19_rangos\resultado_baraja_19r_16p\baraja_19r_16p_escalera_benchmark_20260708_195942.csv,False,False,,234.0,272.0,21735.0,22007.0,1241.0,50.0,8.0,True,4.0,0.0,0.0,0.0,4.0,0.0,0.0,0.0,0.0,0.0,22.007
instancias_divididas,19,16,Escalera,JFact (FaCT++),C:\Users\guill\OneDrive\Desktop\poker-ontology\resultados\instancias_divididas\barajas_19_rangos\resultado_baraja_19r_16p\baraja_19r_16p_escalera_benchmark_20260708_195942.csv,False,False,,126.0,74.0,45586.0,45660.0,14736.0,50.0,8.0,True,4.0,0.0,0.0,0.0,4.0,0.0,0.0,0.0,0.0,0.0,45.66
instancias_divididas,19,16,Escalera,Openllet (Pellet),C:\Users\guill\OneDrive\Desktop\poker-ontology\resultados\instancias_divididas\barajas_19_rangos\resultado_baraja_19r_16p\baraja_19r_16p_escalera_benchmark_20260708_195942.csv,True,False,,,,,,,,,False,,,,,,,,,,,
instancias_divididas,19,16,EscaleraColor,HermiT,C:\Users\guill\OneDrive\Desktop\poker-ontology\resultados\instancias_divididas\barajas_19_rangos\resultado_baraja_19r_16p\baraja_19r_16p_escalera_color_benchmark_20260708_201823.csv,False,False,,195.0,343.0,106594.0,106937.0,1261.0,50.0,16.0,True,4.0,0.0,0.0,0.0,4.0,4.0,0.0,0.0,4.0,0.0,106.937
instancias_divididas,19,16,EscaleraColor,JFact (FaCT++),C:\Users\guill\OneDrive\Desktop\poker-ontology\resultados\instancias_divididas\barajas_19_rangos\resultado_baraja_19r_16p\baraja_19r_16p_escalera_color_benchmark_20260708_201823.csv,False,False,,89.0,117.0,80408.0,80525.0,14736.0,50.0,16.0,True,4.0,0.0,0.0,0.0,4.0,4.0,0.0,0.0,4.0,0.0,80.525
instancias_divididas,19,16,EscaleraColor,Openllet (Pellet),C:\Users\guill\OneDrive\Desktop\poker-ontology\resultados\instancias_divididas\barajas_19_rangos\resultado_baraja_19r_16p\baraja_19r_16p_escalera_color_benchmark_20260708_201823.csv,True,False,,,,,,,,,False,,,,,,,,,,,
instancias_divididas,19,16,EscaleraReal,HermiT,C:\Users\guill\OneDrive\Desktop\poker-ontology\resultados\instancias_divididas\barajas_19_rangos\resultado_baraja_19r_16p\baraja_19r_16p_escalera_real_benchmark_20260708_202203.csv,False,False,,224.0,293.0,21893.0,22186.0,871.0,50.0,20.0,True,4.0,0.0,0.0,0.0,4.0,4.0,0.0,0.0,4.0,4.0,22.186
instancias_divididas,19,16,EscaleraReal,JFact (FaCT++),C:\Users\guill\OneDrive\Desktop\poker-ontology\resultados\instancias_divididas\barajas_19_rangos\resultado_baraja_19r_16p\baraja_19r_16p_escalera_real_benchmark_20260708_202203.csv,False,False,,129.0,112.0,83405.0,83517.0,14735.0,50.0,20.0,True,4.0,0.0,0.0,0.0,4.0,4.0,0.0,0.0,4.0,4.0,83.517
instancias_divididas,19,16,EscaleraReal,Openllet (Pellet),C:\Users\guill\OneDrive\Desktop\poker-ontology\resultados\instancias_divididas\barajas_19_rangos\resultado_baraja_19r_16p\baraja_19r_16p_escalera_real_benchmark_20260708_202203.csv,True,False,,,,,,,,,False,,,,,,,,,,,
instancias_divididas,19,16,Full,HermiT,C:\Users\guill\OneDrive\Desktop\poker-ontology\resultados\instancias_divididas\barajas_19_rangos\resultado_baraja_19r_16p\baraja_19r_16p_full_benchmark_20260708_200626.csv,False,False,,224.0,324.0,39578.0,39902.0,1031.0,50.0,20.0,True,4.0,4.0,4.0,4.0,0.0,0.0,4.0,0.0,0.0,0.0,39.902
instancias_divididas,19,16,Full,JFact (FaCT++),C:\Users\guill\OneDrive\Desktop\poker-ontology\resultados\instancias_divididas\barajas_19_rangos\resultado_baraja_19r_16p\baraja_19r_16p_full_benchmark_20260708_200626.csv,False,False,,90.0,99.0,299735.0,299834.0,14740.0,50.0,20.0,True,4.0,4.0,4.0,4.0,0.0,0.0,4.0,0.0,0.0,0.0,299.834
instancias_divididas,19,16,Full,Openllet (Pellet),C:\Users\guill\OneDrive\Desktop\poker-ontology\resultados\instancias_divididas\barajas_19_rangos\resultado_baraja_19r_16p\baraja_19r_16p_full_benchmark_20260708_200626.csv,True,False,,,,,,,,,False,,,,,,,,,,,
instancias_divididas,19,16,Par,HermiT,C:\Users\guill\OneDrive\Desktop\poker-ontology\resultados\instancias_divididas\barajas_19_rangos\resultado_baraja_19r_16p\baraja_19r_16p_par_benchmark_20260708_195404.csv,False,False,,217.0,336.0,48900.0,49236.0,871.0,50.0,8.0,True,4.0,4.0,0.0,0.0,0.0,0.0,0.0,0.0,0.0,0.0,49.236
instancias_divididas,19,16,Par,JFact (FaCT++),C:\Users\guill\OneDrive\Desktop\poker-ontology\resultados\instancias_divididas\barajas_19_rangos\resultado_baraja_19r_16p\baraja_19r_16p_par_benchmark_20260708_195404.csv,False,False,,126.0,91.0,163589.0,163680.0,14735.0,50.0,8.0,True,4.0,4.0,0.0,0.0,0.0,0.0,0.0,0.0,0.0,0.0,163.68
instancias_divididas,19,16,Par,Openllet (Pellet),C:\Users\guill\OneDrive\Desktop\poker-ontology\resultados\instancias_divididas\barajas_19_rangos\resultado_baraja_19r_16p\baraja_19r_16p_par_benchmark_20260708_195404.csv,True,False,,,,,,,,,False,,,,,,,,,,,
instancias_divididas,19,16,Poker,HermiT,C:\Users\guill\OneDrive\Desktop\poker-ontology\resultados\instancias_divididas\barajas_19_rangos\resultado_baraja_19r_16p\baraja_19r_16p_poker_benchmark_20260708_201238.csv,False,False,,206.0,323.0,229731.0,230054.0,2480.0,50.0,16.0,True,4.0,4.0,0.0,4.0,0.0,0.0,0.0,4.0,0.0,0.0,230.054
instancias_divididas,19,16,Poker,JFact (FaCT++),C:\Users\guill\OneDrive\Desktop\poker-ontology\resultados\instancias_divididas\barajas_19_rangos\resultado_baraja_19r_16p\baraja_19r_16p_poker_benchmark_20260708_201238.csv,False,False,,116.0,91.0,82681.0,82772.0,14736.0,50.0,16.0,True,4.0,4.0,0.0,4.0,0.0,0.0,0.0,4.0,0.0,0.0,82.772
instancias_divididas,19,16,Poker,Openllet (Pellet),C:\Users\guill\OneDrive\Desktop\poker-ontology\resultados\instancias_divididas\barajas_19_rangos\resultado_baraja_19r_16p\baraja_19r_16p_poker_benchmark_20260708_201238.csv,True,False,,,,,,,,,False,,,,,,,,,,,
instancias_divididas,19,16,Trio,HermiT,C:\Users\guill\OneDrive\Desktop\poker-ontology\resultados\instancias_divididas\barajas_19_rangos\resultado_baraja_19r_16p\baraja_19r_16p_trio_benchmark_20260708_195809.csv,False,False,,258.0,300.0,37263.0,37563.0,1015.0,50.0,12.0,True,4.0,4.0,0.0,4.0,0.0,0.0,0.0,0.0,0.0,0.0,37.563
instancias_divididas,19,16,Trio,JFact (FaCT++),C:\Users\guill\OneDrive\Desktop\poker-ontology\resultados\instancias_divididas\barajas_19_rangos\resultado_baraja_19r_16p\baraja_19r_16p_trio_benchmark_20260708_195809.csv,False,False,,124.0,84.0,22372.0,22456.0,14735.0,50.0,12.0,True,4.0,4.0,0.0,4.0,0.0,0.0,0.0,0.0,0.0,0.0,22.456
instancias_divididas,19,16,Trio,Openllet (Pellet),C:\Users\guill\OneDrive\Desktop\poker-ontology\resultados\instancias_divididas\barajas_19_rangos\resultado_baraja_19r_16p\baraja_19r_16p_trio_benchmark_20260708_195809.csv,True,False,,,,,,,,,False,,,,,,,,,,,
instancias_divididas,19,4,CartaAlta,HermiT,C:\Users\guill\OneDrive\Desktop\poker-ontology\resultados\instancias_divididas\barajas_19_rangos\resultado_baraja_19r_4p\baraja_19r_4p_carta_alta_benchmark_20260709_141105.csv,False,False,,141.0,192.0,8313.0,8505.0,342.0,38.0,4.0,True,4.0,0.0,0.0,0.0,0.0,0.0,0.0,0.0,0.0,0.0,8.505
instancias_divididas,19,4,CartaAlta,JFact (FaCT++),C:\Users\guill\OneDrive\Desktop\poker-ontology\resultados\instancias_divididas\barajas_19_rangos\resultado_baraja_19r_4p\baraja_19r_4p_carta_alta_benchmark_20260709_141105.csv,True,False,,,,,,,,,False,,,,,,,,,,,
instancias_divididas,19,4,CartaAlta,Openllet (Pellet),C:\Users\guill\OneDrive\Desktop\poker-ontology\resultados\instancias_divididas\barajas_19_rangos\resultado_baraja_19r_4p\baraja_19r_4p_carta_alta_benchmark_20260709_141105.csv,True,False,,,,,,,,,False,,,,,,,,,,,
instancias_divididas,19,4,Color,HermiT,C:\Users\guill\OneDrive\Desktop\poker-ontology\resultados\instancias_divididas\barajas_19_rangos\resultado_baraja_19r_4p\baraja_19r_4p_color_benchmark_20260709_144020.csv,False,False,,150.0,238.0,43091.0,43329.0,1014.0,38.0,8.0,True,4.0,0.0,0.0,0.0,0.0,4.0,0.0,0.0,0.0,0.0,43.329
instancias_divididas,19,4,Color,JFact (FaCT++),C:\Users\guill\OneDrive\Desktop\poker-ontology\resultados\instancias_divididas\barajas_19_rangos\resultado_baraja_19r_4p\baraja_19r_4p_color_benchmark_20260709_144020.csv,True,False,,,,,,,,,False,,,,,,,,,,,
instancias_divididas,19,4,Color,Openllet (Pellet),C:\Users\guill\OneDrive\Desktop\poker-ontology\resultados\instancias_divididas\barajas_19_rangos\resultado_baraja_19r_4p\baraja_19r_4p_color_benchmark_20260709_144020.csv,True,False,,,,,,,,,False,,,,,,,,,,,
instancias_divididas,19,4,DoblePar,HermiT,C:\Users\guill\OneDrive\Desktop\poker-ontology\resultados\instancias_divididas\barajas_19_rangos\resultado_baraja_19r_4p\baraja_19r_4p_doble_par_benchmark_20260709_141645.csv,False,False,,209.0,220.0,15865.0,16085.0,438.0,38.0,12.0,True,4.0,4.0,4.0,0.0,0.0,0.0,0.0,0.0,0.0,0.0,16.085
instancias_divididas,19,4,DoblePar,JFact (FaCT++),C:\Users\guill\OneDrive\Desktop\poker-ontology\resultados\instancias_divididas\barajas_19_rangos\resultado_baraja_19r_4p\baraja_19r_4p_doble_par_benchmark_20260709_141645.csv,True,False,,,,,,,,,False,,,,,,,,,,,
instancias_divididas,19,4,DoblePar,Openllet (Pellet),C:\Users\guill\OneDrive\Desktop\poker-ontology\resultados\instancias_divididas\barajas_19_rangos\resultado_baraja_19r_4p\baraja_19r_4p_doble_par_benchmark_20260709_141645.csv,True,False,,,,,,,,,False,,,,,,,,,,,
instancias_divididas,19,4,Escalera,HermiT,C:\Users\guill\OneDrive\Desktop\poker-ontology\resultados\instancias_divididas\barajas_19_rangos\resultado_baraja_19r_4p\baraja_19r_4p_escalera_benchmark_20260709_143433.csv,False,False,,162.0,235.0,15039.0,15274.0,646.0,38.0,8.0,True,4.0,0.0,0.0,0.0,4.0,0.0,0.0,0.0,0.0,0.0,15.274
instancias_divididas,19,4,Escalera,JFact (FaCT++),C:\Users\guill\OneDrive\Desktop\poker-ontology\resultados\instancias_divididas\barajas_19_rangos\resultado_baraja_19r_4p\baraja_19r_4p_escalera_benchmark_20260709_143433.csv,True,False,,,,,,,,,False,,,,,,,,,,,
instancias_divididas,19,4,Escalera,Openllet (Pellet),C:\Users\guill\OneDrive\Desktop\poker-ontology\resultados\instancias_divididas\barajas_19_rangos\resultado_baraja_19r_4p\baraja_19r_4p_escalera_benchmark_20260709_143433.csv,True,False,,,,,,,,,False,,,,,,,,,,,
instancias_divididas,19,4,EscaleraColor,HermiT,C:\Users\guill\OneDrive\Desktop\poker-ontology\resultados\instancias_divididas\barajas_19_rangos\resultado_baraja_19r_4p\baraja_19r_4p_escalera_color_benchmark_20260709_150027.csv,False,False,,135.0,234.0,71222.0,71456.0,1245.0,38.0,16.0,True,4.0,0.0,0.0,0.0,4.0,4.0,0.0,0.0,4.0,0.0,71.456
instancias_divididas,19,4,EscaleraColor,JFact (FaCT++),C:\Users\guill\OneDrive\Desktop\poker-ontology\resultados\instancias_divididas\barajas_19_rangos\resultado_baraja_19r_4p\baraja_19r_4p_escalera_color_benchmark_20260709_150027.csv,False,False,,61.0,63.0,44341.0,44404.0,14729.0,38.0,16.0,True,4.0,0.0,0.0,0.0,4.0,4.0,0.0,0.0,4.0,0.0,44.404
instancias_divididas,19,4,EscaleraColor,Openllet (Pellet),C:\Users\guill\OneDrive\Desktop\poker-ontology\resultados\instancias_divididas\barajas_19_rangos\resultado_baraja_19r_4p\baraja_19r_4p_escalera_color_benchmark_20260709_150027.csv,True,False,,,,,,,,,False,,,,,,,,,,,
instancias_divididas,19,4,EscaleraReal,HermiT,C:\Users\guill\OneDrive\Desktop\poker-ontology\resultados\instancias_divididas\barajas_19_rangos\resultado_baraja_19r_4p\baraja_19r_4p_escalera_real_benchmark_20260709_150255.csv,False,False,,142.0,226.0,8007.0,8233.0,326.0,38.0,20.0,True,4.0,0.0,0.0,0.0,4.0,4.0,0.0,0.0,4.0,4.0,8.233
instancias_divididas,19,4,EscaleraReal,JFact (FaCT++),C:\Users\guill\OneDrive\Desktop\poker-ontology\resultados\instancias_divididas\barajas_19_rangos\resultado_baraja_19r_4p\baraja_19r_4p_escalera_real_benchmark_20260709_150255.csv,False,False,,60.0,62.0,4471.0,4533.0,2233.0,38.0,20.0,True,4.0,0.0,0.0,0.0,4.0,4.0,0.0,0.0,4.0,4.0,4.533
instancias_divididas,19,4,EscaleraReal,Openllet (Pellet),C:\Users\guill\OneDrive\Desktop\poker-ontology\resultados\instancias_divididas\barajas_19_rangos\resultado_baraja_19r_4p\baraja_19r_4p_escalera_real_benchmark_20260709_150255.csv,True,False,,,,,,,,,False,,,,,,,,,,,
instancias_divididas,19,4,Full,HermiT,C:\Users\guill\OneDrive\Desktop\poker-ontology\resultados\instancias_divididas\barajas_19_rangos\resultado_baraja_19r_4p\baraja_19r_4p_full_benchmark_20260709_144636.csv,False,False,,136.0,218.0,45683.0,45901.0,1062.0,38.0,20.0,True,4.0,4.0,4.0,4.0,0.0,0.0,4.0,0.0,0.0,0.0,45.901
instancias_divididas,19,4,Full,JFact (FaCT++),C:\Users\guill\OneDrive\Desktop\poker-ontology\resultados\instancias_divididas\barajas_19_rangos\resultado_baraja_19r_4p\baraja_19r_4p_full_benchmark_20260709_144636.csv,True,False,,,,,,,,,False,,,,,,,,,,,
instancias_divididas,19,4,Full,Openllet (Pellet),C:\Users\guill\OneDrive\Desktop\poker-ontology\resultados\instancias_divididas\barajas_19_rangos\resultado_baraja_19r_4p\baraja_19r_4p_full_benchmark_20260709_144636.csv,True,False,,,,,,,,,False,,,,,,,,,,,
instancias_divididas,19,4,Par,HermiT,C:\Users\guill\OneDrive\Desktop\poker-ontology\resultados\instancias_divididas\barajas_19_rangos\resultado_baraja_19r_4p\baraja_19r_4p_par_benchmark_20260709_142233.csv,False,False,,146.0,211.0,13151.0,13362.0,406.0,38.0,8.0,True,4.0,4.0,0.0,0.0,0.0,0.0,0.0,0.0,0.0,0.0,13.362
instancias_divididas,19,4,Par,JFact (FaCT++),C:\Users\guill\OneDrive\Desktop\poker-ontology\resultados\instancias_divididas\barajas_19_rangos\resultado_baraja_19r_4p\baraja_19r_4p_par_benchmark_20260709_142233.csv,True,False,,,,,,,,,False,,,,,,,,,,,
instancias_divididas,19,4,Par,Openllet (Pellet),C:\Users\guill\OneDrive\Desktop\poker-ontology\resultados\instancias_divididas\barajas_19_rangos\resultado_baraja_19r_4p\baraja_19r_4p_par_benchmark_20260709_142233.csv,True,False,,,,,,,,,False,,,,,,,,,,,
instancias_divididas,19,4,Poker,HermiT,C:\Users\guill\OneDrive\Desktop\poker-ontology\resultados\instancias_divididas\barajas_19_rangos\resultado_baraja_19r_4p\baraja_19r_4p_poker_benchmark_20260709_145253.csv,False,False,,128.0,208.0,121691.0,121899.0,1239.0,38.0,16.0,True,4.0,4.0,0.0,4.0,0.0,0.0,0.0,4.0,0.0,0.0,121.899
instancias_divididas,19,4,Poker,JFact (FaCT++),C:\Users\guill\OneDrive\Desktop\poker-ontology\resultados\instancias_divididas\barajas_19_rangos\resultado_baraja_19r_4p\baraja_19r_4p_poker_benchmark_20260709_145253.csv,True,False,,,,,,,,,False,,,,,,,,,,,
instancias_divididas,19,4,Poker,Openllet (Pellet),C:\Users\guill\OneDrive\Desktop\poker-ontology\resultados\instancias_divididas\barajas_19_rangos\resultado_baraja_19r_4p\baraja_19r_4p_poker_benchmark_20260709_145253.csv,True,False,,,,,,,,,False,,,,,,,,,,,
instancias_divididas,19,4,Trio,HermiT,C:\Users\guill\OneDrive\Desktop\poker-ontology\resultados\instancias_divididas\barajas_19_rangos\resultado_baraja_19r_4p\baraja_19r_4p_trio_benchmark_20260709_142818.csv,False,False,,138.0,190.0,43014.0,43204.0,1014.0,38.0,12.0,True,4.0,4.0,0.0,4.0,0.0,0.0,0.0,0.0,0.0,0.0,43.204
instancias_divididas,19,4,Trio,JFact (FaCT++),C:\Users\guill\OneDrive\Desktop\poker-ontology\resultados\instancias_divididas\barajas_19_rangos\resultado_baraja_19r_4p\baraja_19r_4p_trio_benchmark_20260709_142818.csv,True,False,,,,,,,,,False,,,,,,,,,,,
instancias_divididas,19,4,Trio,Openllet (Pellet),C:\Users\guill\OneDrive\Desktop\poker-ontology\resultados\instancias_divididas\barajas_19_rangos\resultado_baraja_19r_4p\baraja_19r_4p_trio_benchmark_20260709_142818.csv,True,False,,,,,,,,,False,,,,,,,,,,,
instancias_divididas,19,8,CartaAlta,HermiT,C:\Users\guill\OneDrive\Desktop\poker-ontology\resultados\instancias_divididas\barajas_19_rangos\resultado_baraja_19r_8p\baraja_19r_8p_carta_alta_benchmark_20260709_131649.csv,False,False,,148.0,220.0,7458.0,7678.0,390.0,42.0,4.0,True,4.0,0.0,0.0,0.0,0.0,0.0,0.0,0.0,0.0,0.0,7.678
instancias_divididas,19,8,CartaAlta,JFact (FaCT++),C:\Users\guill\OneDrive\Desktop\poker-ontology\resultados\instancias_divididas\barajas_19_rangos\resultado_baraja_19r_8p\baraja_19r_8p_carta_alta_benchmark_20260709_131649.csv,True,False,,,,,,,,,False,,,,,,,,,,,
instancias_divididas,19,8,CartaAlta,Openllet (Pellet),C:\Users\guill\OneDrive\Desktop\poker-ontology\resultados\instancias_divididas\barajas_19_rangos\resultado_baraja_19r_8p\baraja_19r_8p_carta_alta_benchmark_20260709_131649.csv,True,False,,,,,,,,,False,,,,,,,,,,,
instancias_divididas,19,8,Color,HermiT,C:\Users\guill\OneDrive\Desktop\poker-ontology\resultados\instancias_divididas\barajas_19_rangos\resultado_baraja_19r_8p\baraja_19r_8p_color_benchmark_20260709_134126.csv,False,False,,156.0,244.0,62439.0,62683.0,1229.0,42.0,8.0,True,4.0,0.0,0.0,0.0,0.0,4.0,0.0,0.0,0.0,0.0,62.683
instancias_divididas,19,8,Color,JFact (FaCT++),C:\Users\guill\OneDrive\Desktop\poker-ontology\resultados\instancias_divididas\barajas_19_rangos\resultado_baraja_19r_8p\baraja_19r_8p_color_benchmark_20260709_134126.csv,True,False,,,,,,,,,False,,,,,,,,,,,
instancias_divididas,19,8,Color,Openllet (Pellet),C:\Users\guill\OneDrive\Desktop\poker-ontology\resultados\instancias_divididas\barajas_19_rangos\resultado_baraja_19r_8p\baraja_19r_8p_color_benchmark_20260709_134126.csv,True,False,,,,,,,,,False,,,,,,,,,,,
instancias_divididas,19,8,DoblePar,HermiT,C:\Users\guill\OneDrive\Desktop\poker-ontology\resultados\instancias_divididas\barajas_19_rangos\resultado_baraja_19r_8p\baraja_19r_8p_doble_par_benchmark_20260709_132229.csv,False,False,,145.0,293.0,13555.0,13848.0,438.0,42.0,12.0,True,4.0,4.0,4.0,0.0,0.0,0.0,0.0,0.0,0.0,0.0,13.848
instancias_divididas,19,8,DoblePar,JFact (FaCT++),C:\Users\guill\OneDrive\Desktop\poker-ontology\resultados\instancias_divididas\barajas_19_rangos\resultado_baraja_19r_8p\baraja_19r_8p_doble_par_benchmark_20260709_132229.csv,False,False,,72.0,94.0,12924.0,13018.0,8731.0,42.0,12.0,True,4.0,4.0,4.0,0.0,0.0,0.0,0.0,0.0,0.0,0.0,13.018
instancias_divididas,19,8,DoblePar,Openllet (Pellet),C:\Users\guill\OneDrive\Desktop\poker-ontology\resultados\instancias_divididas\barajas_19_rangos\resultado_baraja_19r_8p\baraja_19r_8p_doble_par_benchmark_20260709_132229.csv,True,False,,,,,,,,,False,,,,,,,,,,,
instancias_divididas,19,8,Escalera,HermiT,C:\Users\guill\OneDrive\Desktop\poker-ontology\resultados\instancias_divididas\barajas_19_rangos\resultado_baraja_19r_8p\baraja_19r_8p_escalera_benchmark_20260709_133532.csv,False,False,,166.0,248.0,21772.0,22020.0,950.0,42.0,8.0,True,4.0,0.0,0.0,0.0,4.0,0.0,0.0,0.0,0.0,0.0,22.02
instancias_divididas,19,8,Escalera,JFact (FaCT++),C:\Users\guill\OneDrive\Desktop\poker-ontology\resultados\instancias_divididas\barajas_19_rangos\resultado_baraja_19r_8p\baraja_19r_8p_escalera_benchmark_20260709_133532.csv,True,False,,,,,,,,,False,,,,,,,,,,,
instancias_divididas,19,8,Escalera,Openllet (Pellet),C:\Users\guill\OneDrive\Desktop\poker-ontology\resultados\instancias_divididas\barajas_19_rangos\resultado_baraja_19r_8p\baraja_19r_8p_escalera_benchmark_20260709_133532.csv,True,False,,,,,,,,,False,,,,,,,,,,,
instancias_divididas,19,8,EscaleraColor,HermiT,C:\Users\guill\OneDrive\Desktop\poker-ontology\resultados\instancias_divididas\barajas_19_rangos\resultado_baraja_19r_8p\baraja_19r_8p_escalera_color_benchmark_20260709_135922.csv,False,False,,172.0,289.0,54492.0,54781.0,1230.0,42.0,16.0,True,4.0,0.0,0.0,0.0,4.0,4.0,0.0,0.0,4.0,0.0,54.781
instancias_divididas,19,8,EscaleraColor,JFact (FaCT++),C:\Users\guill\OneDrive\Desktop\poker-ontology\resultados\instancias_divididas\barajas_19_rangos\resultado_baraja_19r_8p\baraja_19r_8p_escalera_color_benchmark_20260709_135922.csv,True,False,,,,,,,,,False,,,,,,,,,,,
instancias_divididas,19,8,EscaleraColor,Openllet (Pellet),C:\Users\guill\OneDrive\Desktop\poker-ontology\resultados\instancias_divididas\barajas_19_rangos\resultado_baraja_19r_8p\baraja_19r_8p_escalera_color_benchmark_20260709_135922.csv,True,False,,,,,,,,,False,,,,,,,,,,,
instancias_divididas,19,8,EscaleraReal,HermiT,C:\Users\guill\OneDrive\Desktop\poker-ontology\resultados\instancias_divididas\barajas_19_rangos\resultado_baraja_19r_8p\baraja_19r_8p_escalera_real_benchmark_20260709_140549.csv,False,False,,170.0,260.0,10067.0,10327.0,438.0,42.0,20.0,True,4.0,0.0,0.0,0.0,4.0,4.0,0.0,0.0,4.0,4.0,10.327
instancias_divididas,19,8,EscaleraReal,JFact (FaCT++),C:\Users\guill\OneDrive\Desktop\poker-ontology\resultados\instancias_divididas\barajas_19_rangos\resultado_baraja_19r_8p\baraja_19r_8p_escalera_real_benchmark_20260709_140549.csv,False,False,,101.0,128.0,76404.0,76532.0,14731.0,42.0,20.0,True,4.0,0.0,0.0,0.0,4.0,4.0,0.0,0.0,4.0,4.0,76.532
instancias_divididas,19,8,EscaleraReal,Openllet (Pellet),C:\Users\guill\OneDrive\Desktop\poker-ontology\resultados\instancias_divididas\barajas_19_rangos\resultado_baraja_19r_8p\baraja_19r_8p_escalera_real_benchmark_20260709_140549.csv,True,False,,,,,,,,,False,,,,,,,,,,,
instancias_divididas,19,8,Full,HermiT,C:\Users\guill\OneDrive\Desktop\poker-ontology\resultados\instancias_divididas\barajas_19_rangos\resultado_baraja_19r_8p\baraja_19r_8p_full_benchmark_20260709_134800.csv,False,False,,140.0,232.0,48194.0,48426.0,1126.0,42.0,20.0,True,4.0,4.0,4.0,4.0,0.0,0.0,4.0,0.0,0.0,0.0,48.426
instancias_divididas,19,8,Full,JFact (FaCT++),C:\Users\guill\OneDrive\Desktop\poker-ontology\resultados\instancias_divididas\barajas_19_rangos\resultado_baraja_19r_8p\baraja_19r_8p_full_benchmark_20260709_134800.csv,True,False,,,,,,,,,False,,,,,,,,,,,
instancias_divididas,19,8,Full,Openllet (Pellet),C:\Users\guill\OneDrive\Desktop\poker-ontology\resultados\instancias_divididas\barajas_19_rangos\resultado_baraja_19r_8p\baraja_19r_8p_full_benchmark_20260709_134800.csv,True,False,,,,,,,,,False,,,,,,,,,,,
instancias_divididas,19,8,Par,HermiT,C:\Users\guill\OneDrive\Desktop\poker-ontology\resultados\instancias_divididas\barajas_19_rangos\resultado_baraja_19r_8p\baraja_19r_8p_par_benchmark_20260709_132328.csv,False,False,,156.0,284.0,14576.0,14860.0,470.0,42.0,8.0,True,4.0,4.0,0.0,0.0,0.0,0.0,0.0,0.0,0.0,0.0,14.86
instancias_divididas,19,8,Par,JFact (FaCT++),C:\Users\guill\OneDrive\Desktop\poker-ontology\resultados\instancias_divididas\barajas_19_rangos\resultado_baraja_19r_8p\baraja_19r_8p_par_benchmark_20260709_132328.csv,True,False,,,,,,,,,False,,,,,,,,,,,
instancias_divididas,19,8,Par,Openllet (Pellet),C:\Users\guill\OneDrive\Desktop\poker-ontology\resultados\instancias_divididas\barajas_19_rangos\resultado_baraja_19r_8p\baraja_19r_8p_par_benchmark_20260709_132328.csv,True,False,,,,,,,,,False,,,,,,,,,,,
instancias_divididas,19,8,Poker,HermiT,C:\Users\guill\OneDrive\Desktop\poker-ontology\resultados\instancias_divididas\barajas_19_rangos\resultado_baraja_19r_8p\baraja_19r_8p_poker_benchmark_20260709_135421.csv,False,False,,168.0,240.0,124751.0,124991.0,1248.0,42.0,16.0,True,4.0,4.0,0.0,4.0,0.0,0.0,0.0,4.0,0.0,0.0,124.991
instancias_divididas,19,8,Poker,JFact (FaCT++),C:\Users\guill\OneDrive\Desktop\poker-ontology\resultados\instancias_divididas\barajas_19_rangos\resultado_baraja_19r_8p\baraja_19r_8p_poker_benchmark_20260709_135421.csv,False,False,,97.0,136.0,144532.0,144668.0,14731.0,42.0,16.0,True,4.0,4.0,0.0,4.0,0.0,0.0,0.0,4.0,0.0,0.0,144.668
instancias_divididas,19,8,Poker,Openllet (Pellet),C:\Users\guill\OneDrive\Desktop\poker-ontology\resultados\instancias_divididas\barajas_19_rangos\resultado_baraja_19r_8p\baraja_19r_8p_poker_benchmark_20260709_135421.csv,True,False,,,,,,,,,False,,,,,,,,,,,
instancias_divididas,19,8,Trio,HermiT,C:\Users\guill\OneDrive\Desktop\poker-ontology\resultados\instancias_divididas\barajas_19_rangos\resultado_baraja_19r_8p\baraja_19r_8p_trio_benchmark_20260709_132915.csv,False,False,,146.0,217.0,45213.0,45430.0,1094.0,42.0,12.0,True,4.0,4.0,0.0,4.0,0.0,0.0,0.0,0.0,0.0,0.0,45.43
instancias_divididas,19,8,Trio,JFact (FaCT++),C:\Users\guill\OneDrive\Desktop\poker-ontology\resultados\instancias_divididas\barajas_19_rangos\resultado_baraja_19r_8p\baraja_19r_8p_trio_benchmark_20260709_132915.csv,True,False,,,,,,,,,False,,,,,,,,,,,
instancias_divididas,19,8,Trio,Openllet (Pellet),C:\Users\guill\OneDrive\Desktop\poker-ontology\resultados\instancias_divididas\barajas_19_rangos\resultado_baraja_19r_8p\baraja_19r_8p_trio_benchmark_20260709_132915.csv,True,False,,,,,,,,,False,,,,,,,,,,,
instancias_divididas,25,12,CartaAlta,HermiT,C:\Users\guill\OneDrive\Desktop\poker-ontology\resultados\instancias_divididas\barajas_25_rangos\resultado_baraja_25r_12p\baraja_25r_12p_carta_alta_benchmark_20260708_170136.csv,False,False,,215.0,311.0,48236.0,48547.0,1063.0,52.0,4.0,True,4.0,0.0,0.0,0.0,0.0,0.0,0.0,0.0,0.0,0.0,48.547
instancias_divididas,25,12,CartaAlta,JFact (FaCT++),C:\Users\guill\OneDrive\Desktop\poker-ontology\resultados\instancias_divididas\barajas_25_rangos\resultado_baraja_25r_12p\baraja_25r_12p_carta_alta_benchmark_20260708_170136.csv,False,False,,100.0,113.0,7980.0,8093.0,4383.0,52.0,4.0,True,4.0,0.0,0.0,0.0,0.0,0.0,0.0,0.0,0.0,0.0,8.093
instancias_divididas,25,12,CartaAlta,Openllet (Pellet),C:\Users\guill\OneDrive\Desktop\poker-ontology\resultados\instancias_divididas\barajas_25_rangos\resultado_baraja_25r_12p\baraja_25r_12p_carta_alta_benchmark_20260708_170136.csv,True,False,,,,,,,,,False,,,,,,,,,,,
instancias_divididas,25,12,Color,HermiT,C:\Users\guill\OneDrive\Desktop\poker-ontology\resultados\instancias_divididas\barajas_25_rangos\resultado_baraja_25r_12p\baraja_25r_12p_color_benchmark_20260708_171908.csv,False,False,,231.0,259.0,109842.0,110101.0,1260.0,52.0,8.0,True,4.0,0.0,0.0,0.0,0.0,4.0,0.0,0.0,0.0,0.0,110.101
instancias_divididas,25,12,Color,JFact (FaCT++),C:\Users\guill\OneDrive\Desktop\poker-ontology\resultados\instancias_divididas\barajas_25_rangos\resultado_baraja_25r_12p\baraja_25r_12p_color_benchmark_20260708_171908.csv,True,False,,,,,,,,,False,,,,,,,,,,,
instancias_divididas,25,12,Color,Openllet (Pellet),C:\Users\guill\OneDrive\Desktop\poker-ontology\resultados\instancias_divididas\barajas_25_rangos\resultado_baraja_25r_12p\baraja_25r_12p_color_benchmark_20260708_171908.csv,True,False,,,,,,,,,False,,,,,,,,,,,
instancias_divididas,25,12,DoblePar,HermiT,C:\Users\guill\OneDrive\Desktop\poker-ontology\resultados\instancias_divididas\barajas_25_rangos\resultado_baraja_25r_12p\baraja_25r_12p_doble_par_benchmark_20260708_170304.csv,False,False,,245.0,253.0,27077.0,27330.0,935.0,52.0,12.0,True,4.0,4.0,4.0,0.0,0.0,0.0,0.0,0.0,0.0,0.0,27.33
instancias_divididas,25,12,DoblePar,JFact (FaCT++),C:\Users\guill\OneDrive\Desktop\poker-ontology\resultados\instancias_divididas\barajas_25_rangos\resultado_baraja_25r_12p\baraja_25r_12p_doble_par_benchmark_20260708_170304.csv,False,False,,99.0,113.0,8216.0,8329.0,3583.0,52.0,12.0,True,4.0,4.0,4.0,0.0,0.0,0.0,0.0,0.0,0.0,0.0,8.329
instancias_divididas,25,12,DoblePar,Openllet (Pellet),C:\Users\guill\OneDrive\Desktop\poker-ontology\resultados\instancias_divididas\barajas_25_rangos\resultado_baraja_25r_12p\baraja_25r_12p_doble_par_benchmark_20260708_170304.csv,True,False,,,,,,,,,False,,,,,,,,,,,
instancias_divididas,25,12,Escalera,HermiT,C:\Users\guill\OneDrive\Desktop\poker-ontology\resultados\instancias_divididas\barajas_25_rangos\resultado_baraja_25r_12p\baraja_25r_12p_escalera_benchmark_20260708_171754.csv,False,False,,239.0,314.0,25671.0,25985.0,1241.0,52.0,8.0,True,4.0,0.0,0.0,0.0,4.0,0.0,0.0,0.0,0.0,0.0,25.985
instancias_divididas,25,12,Escalera,JFact (FaCT++),C:\Users\guill\OneDrive\Desktop\poker-ontology\resultados\instancias_divididas\barajas_25_rangos\resultado_baraja_25r_12p\baraja_25r_12p_escalera_benchmark_20260708_171754.csv,False,False,,99.0,115.0,15633.0,15748.0,14687.0,52.0,8.0,True,4.0,0.0,0.0,0.0,4.0,0.0,0.0,0.0,0.0,0.0,15.748
instancias_divididas,25,12,Escalera,Openllet (Pellet),C:\Users\guill\OneDrive\Desktop\poker-ontology\resultados\instancias_divididas\barajas_25_rangos\resultado_baraja_25r_12p\baraja_25r_12p_escalera_benchmark_20260708_171754.csv,True,False,,,,,,,,,False,,,,,,,,,,,
instancias_divididas,25,12,EscaleraColor,HermiT,C:\Users\guill\OneDrive\Desktop\poker-ontology\resultados\instancias_divididas\barajas_25_rangos\resultado_baraja_25r_12p\baraja_25r_12p_escalera_color_benchmark_20260708_174926.csv,False,False,,243.0,285.0,70150.0,70435.0,1242.0,52.0,16.0,True,4.0,0.0,0.0,0.0,4.0,4.0,0.0,0.0,4.0,0.0,70.435
instancias_divididas,25,12,EscaleraColor,JFact (FaCT++),C:\Users\guill\OneDrive\Desktop\poker-ontology\resultados\instancias_divididas\barajas_25_rangos\resultado_baraja_25r_12p\baraja_25r_12p_escalera_color_benchmark_20260708_174926.csv,False,False,,92.0,170.0,7828.0,7998.0,4896.0,52.0,16.0,True,4.0,0.0,0.0,0.0,4.0,4.0,0.0,0.0,4.0,0.0,7.998
instancias_divididas,25,12,EscaleraColor,Openllet (Pellet),C:\Users\guill\OneDrive\Desktop\poker-ontology\resultados\instancias_divididas\barajas_25_rangos\resultado_baraja_25r_12p\baraja_25r_12p_escalera_color_benchmark_20260708_174926.csv,True,False,,,,,,,,,False,,,,,,,,,,,
instancias_divididas,25,12,EscaleraReal,HermiT,C:\Users\guill\OneDrive\Desktop\poker-ontology\resultados\instancias_divididas\barajas_25_rangos\resultado_baraja_25r_12p\baraja_25r_12p_escalera_real_benchmark_20260708_175117.csv,False,False,,234.0,285.0,20045.0,20330.0,759.0,52.0,20.0,True,4.0,0.0,0.0,0.0,4.0,4.0,0.0,0.0,4.0,4.0,20.33
instancias_divididas,25,12,EscaleraReal,JFact (FaCT++),C:\Users\guill\OneDrive\Desktop\poker-ontology\resultados\instancias_divididas\barajas_25_rangos\resultado_baraja_25r_12p\baraja_25r_12p_escalera_real_benchmark_20260708_175117.csv,False,False,,96.0,172.0,6820.0,6992.0,2623.0,52.0,20.0,True,4.0,0.0,0.0,0.0,4.0,4.0,0.0,0.0,4.0,4.0,6.992
instancias_divididas,25,12,EscaleraReal,Openllet (Pellet),C:\Users\guill\OneDrive\Desktop\poker-ontology\resultados\instancias_divididas\barajas_25_rangos\resultado_baraja_25r_12p\baraja_25r_12p_escalera_real_benchmark_20260708_175117.csv,True,False,,,,,,,,,False,,,,,,,,,,,
instancias_divididas,25,12,Full,HermiT,C:\Users\guill\OneDrive\Desktop\poker-ontology\resultados\instancias_divididas\barajas_25_rangos\resultado_baraja_25r_12p\baraja_25r_12p_full_benchmark_20260708_173130.csv,False,False,,235.0,306.0,66020.0,66326.0,1249.0,52.0,20.0,True,4.0,4.0,4.0,4.0,0.0,0.0,4.0,0.0,0.0,0.0,66.326
instancias_divididas,25,12,Full,JFact (FaCT++),C:\Users\guill\OneDrive\Desktop\poker-ontology\resultados\instancias_divididas\barajas_25_rangos\resultado_baraja_25r_12p\baraja_25r_12p_full_benchmark_20260708_173130.csv,True,False,,,,,,,,,False,,,,,,,,,,,
instancias_divididas,25,12,Full,Openllet (Pellet),C:\Users\guill\OneDrive\Desktop\poker-ontology\resultados\instancias_divididas\barajas_25_rangos\resultado_baraja_25r_12p\baraja_25r_12p_full_benchmark_20260708_173130.csv,True,False,,,,,,,,,False,,,,,,,,,,,
instancias_divididas,25,12,Par,HermiT,C:\Users\guill\OneDrive\Desktop\poker-ontology\resultados\instancias_divididas\barajas_25_rangos\resultado_baraja_25r_12p\baraja_25r_12p_par_benchmark_20260708_170413.csv,False,False,,235.0,298.0,53812.0,54110.0,1159.0,52.0,8.0,True,4.0,4.0,0.0,0.0,0.0,0.0,0.0,0.0,0.0,0.0,54.11
instancias_divididas,25,12,Par,JFact (FaCT++),C:\Users\guill\OneDrive\Desktop\poker-ontology\resultados\instancias_divididas\barajas_25_rangos\resultado_baraja_25r_12p\baraja_25r_12p_par_benchmark_20260708_170413.csv,True,False,,,,,,,,,False,,,,,,,,,,,
instancias_divididas,25,12,Par,Openllet (Pellet),C:\Users\guill\OneDrive\Desktop\poker-ontology\resultados\instancias_divididas\barajas_25_rangos\resultado_baraja_25r_12p\baraja_25r_12p_par_benchmark_20260708_170413.csv,True,False,,,,,,,,,False,,,,,,,,,,,
instancias_divididas,25,12,Poker,HermiT,C:\Users\guill\OneDrive\Desktop\poker-ontology\resultados\instancias_divididas\barajas_25_rangos\resultado_baraja_25r_12p\baraja_25r_12p_poker_benchmark_20260708_174308.csv,False,False,,233.0,290.0,301750.0,302040.0,5392.0,52.0,16.0,True,4.0,4.0,0.0,4.0,0.0,0.0,0.0,4.0,0.0,0.0,302.04
instancias_divididas,25,12,Poker,JFact (FaCT++),C:\Users\guill\OneDrive\Desktop\poker-ontology\resultados\instancias_divididas\barajas_25_rangos\resultado_baraja_25r_12p\baraja_25r_12p_poker_benchmark_20260708_174308.csv,False,False,,122.0,96.0,43714.0,43810.0,14753.0,52.0,16.0,True,4.0,4.0,0.0,4.0,0.0,0.0,0.0,4.0,0.0,0.0,43.81
instancias_divididas,25,12,Poker,Openllet (Pellet),C:\Users\guill\OneDrive\Desktop\poker-ontology\resultados\instancias_divididas\barajas_25_rangos\resultado_baraja_25r_12p\baraja_25r_12p_poker_benchmark_20260708_174308.csv,True,False,,,,,,,,,False,,,,,,,,,,,
instancias_divididas,25,12,Trio,HermiT,C:\Users\guill\OneDrive\Desktop\poker-ontology\resultados\instancias_divididas\barajas_25_rangos\resultado_baraja_25r_12p\baraja_25r_12p_trio_benchmark_20260708_171539.csv,False,False,,256.0,249.0,83116.0,83365.0,1241.0,52.0,12.0,True,4.0,4.0,0.0,4.0,0.0,0.0,0.0,0.0,0.0,0.0,83.365
instancias_divididas,25,12,Trio,JFact (FaCT++),C:\Users\guill\OneDrive\Desktop\poker-ontology\resultados\instancias_divididas\barajas_25_rangos\resultado_baraja_25r_12p\baraja_25r_12p_trio_benchmark_20260708_171539.csv,False,False,,127.0,83.0,18465.0,18548.0,12992.0,52.0,12.0,True,4.0,4.0,0.0,4.0,0.0,0.0,0.0,0.0,0.0,0.0,18.548
instancias_divididas,25,12,Trio,Openllet (Pellet),C:\Users\guill\OneDrive\Desktop\poker-ontology\resultados\instancias_divididas\barajas_25_rangos\resultado_baraja_25r_12p\baraja_25r_12p_trio_benchmark_20260708_171539.csv,True,False,,,,,,,,,False,,,,,,,,,,,
instancias_divididas,25,16,CartaAlta,HermiT,C:\Users\guill\OneDrive\Desktop\poker-ontology\resultados\instancias_divididas\barajas_25_rangos\resultado_baraja_25r_16p\baraja_25r_16p_carta_alta_benchmark_20260708_160215.csv,False,False,,218.0,311.0,16398.0,16709.0,872.0,56.0,4.0,True,4.0,0.0,0.0,0.0,0.0,0.0,0.0,0.0,0.0,0.0,16.709
instancias_divididas,25,16,CartaAlta,JFact (FaCT++),C:\Users\guill\OneDrive\Desktop\poker-ontology\resultados\instancias_divididas\barajas_25_rangos\resultado_baraja_25r_16p\baraja_25r_16p_carta_alta_benchmark_20260708_160215.csv,False,False,,114.0,96.0,9637.0,9733.0,5634.0,56.0,4.0,True,4.0,0.0,0.0,0.0,0.0,0.0,0.0,0.0,0.0,0.0,9.733
instancias_divididas,25,16,CartaAlta,Openllet (Pellet),C:\Users\guill\OneDrive\Desktop\poker-ontology\resultados\instancias_divididas\barajas_25_rangos\resultado_baraja_25r_16p\baraja_25r_16p_carta_alta_benchmark_20260708_160215.csv,True,False,,,,,,,,,False,,,,,,,,,,,
instancias_divididas,25,16,Color,HermiT,C:\Users\guill\OneDrive\Desktop\poker-ontology\resultados\instancias_divididas\barajas_25_rangos\resultado_baraja_25r_16p\baraja_25r_16p_color_benchmark_20260708_161925.csv,False,False,,246.0,299.0,117290.0,117589.0,1269.0,56.0,8.0,True,4.0,0.0,0.0,0.0,0.0,4.0,0.0,0.0,0.0,0.0,117.589
instancias_divididas,25,16,Color,JFact (FaCT++),C:\Users\guill\OneDrive\Desktop\poker-ontology\resultados\instancias_divididas\barajas_25_rangos\resultado_baraja_25r_16p\baraja_25r_16p_color_benchmark_20260708_161925.csv,True,False,,,,,,,,,False,,,,,,,,,,,
instancias_divididas,25,16,Color,Openllet (Pellet),C:\Users\guill\OneDrive\Desktop\poker-ontology\resultados\instancias_divididas\barajas_25_rangos\resultado_baraja_25r_16p\baraja_25r_16p_color_benchmark_20260708_161925.csv,True,False,,,,,,,,,False,,,,,,,,,,,
instancias_divididas,25,16,DoblePar,HermiT,C:\Users\guill\OneDrive\Desktop\poker-ontology\resultados\instancias_divididas\barajas_25_rangos\resultado_baraja_25r_16p\baraja_25r_16p_doble_par_benchmark_20260708_160314.csv,False,False,,240.0,306.0,26895.0,27201.0,1000.0,56.0,12.0,True,4.0,4.0,4.0,0.0,0.0,0.0,0.0,0.0,0.0,0.0,27.201
instancias_divididas,25,16,DoblePar,JFact (FaCT++),C:\Users\guill\OneDrive\Desktop\poker-ontology\resultados\instancias_divididas\barajas_25_rangos\resultado_baraja_25r_16p\baraja_25r_16p_doble_par_benchmark_20260708_160314.csv,False,False,,143.0,101.0,16463.0,16564.0,12034.0,56.0,12.0,True,4.0,4.0,4.0,0.0,0.0,0.0,0.0,0.0,0.0,0.0,16.564
instancias_divididas,25,16,DoblePar,Openllet (Pellet),C:\Users\guill\OneDrive\Desktop\poker-ontology\resultados\instancias_divididas\barajas_25_rangos\resultado_baraja_25r_16p\baraja_25r_16p_doble_par_benchmark_20260708_160314.csv,True,False,,,,,,,,,False,,,,,,,,,,,
instancias_divididas,25,16,Escalera,HermiT,C:\Users\guill\OneDrive\Desktop\poker-ontology\resultados\instancias_divididas\barajas_25_rangos\resultado_baraja_25r_16p\baraja_25r_16p_escalera_benchmark_20260708_161807.csv,False,False,,268.0,294.0,28562.0,28856.0,1242.0,56.0,8.0,True,4.0,0.0,0.0,0.0,4.0,0.0,0.0,0.0,0.0,0.0,28.856
instancias_divididas,25,16,Escalera,JFact (FaCT++),C:\Users\guill\OneDrive\Desktop\poker-ontology\resultados\instancias_divididas\barajas_25_rangos\resultado_baraja_25r_16p\baraja_25r_16p_escalera_benchmark_20260708_161807.csv,False,False,,143.0,182.0,16635.0,16817.0,13427.0,56.0,8.0,True,4.0,0.0,0.0,0.0,4.0,0.0,0.0,0.0,0.0,0.0,16.817
instancias_divididas,25,16,Escalera,Openllet (Pellet),C:\Users\guill\OneDrive\Desktop\poker-ontology\resultados\instancias_divididas\barajas_25_rangos\resultado_baraja_25r_16p\baraja_25r_16p_escalera_benchmark_20260708_161807.csv,True,False,,,,,,,,,False,,,,,,,,,,,
instancias_divididas,25,16,EscaleraColor,HermiT,C:\Users\guill\OneDrive\Desktop\poker-ontology\resultados\instancias_divididas\barajas_25_rangos\resultado_baraja_25r_16p\baraja_25r_16p_escalera_color_benchmark_20260708_164718.csv,False,False,,284.0,285.0,144428.0,144713.0,1263.0,56.0,16.0,True,4.0,0.0,0.0,0.0,4.0,4.0,0.0,0.0,4.0,0.0,144.713
instancias_divididas,25,16,EscaleraColor,JFact (FaCT++),C:\Users\guill\OneDrive\Desktop\poker-ontology\resultados\instancias_divididas\barajas_25_rangos\resultado_baraja_25r_16p\baraja_25r_16p_escalera_color_benchmark_20260708_164718.csv,True,False,,,,,,,,,False,,,,,,,,,,,
instancias_divididas,25,16,EscaleraColor,Openllet (Pellet),C:\Users\guill\OneDrive\Desktop\poker-ontology\resultados\instancias_divididas\barajas_25_rangos\resultado_baraja_25r_16p\baraja_25r_16p_escalera_color_benchmark_20260708_164718.csv,True,False,,,,,,,,,False,,,,,,,,,,,
instancias_divididas,25,16,EscaleraReal,HermiT,C:\Users\guill\OneDrive\Desktop\poker-ontology\resultados\instancias_divididas\barajas_25_rangos\resultado_baraja_25r_16p\baraja_25r_16p_escalera_real_benchmark_20260708_170015.csv,False,False,,263.0,303.0,18055.0,18358.0,856.0,56.0,20.0,True,4.0,0.0,0.0,0.0,4.0,4.0,0.0,0.0,4.0,4.0,18.358
instancias_divididas,25,16,EscaleraReal,JFact (FaCT++),C:\Users\guill\OneDrive\Desktop\poker-ontology\resultados\instancias_divididas\barajas_25_rangos\resultado_baraja_25r_16p\baraja_25r_16p_escalera_real_benchmark_20260708_170015.csv,False,False,,104.0,111.0,8636.0,8747.0,4242.0,56.0,20.0,True,4.0,0.0,0.0,0.0,4.0,4.0,0.0,0.0,4.0,4.0,8.747
instancias_divididas,25,16,EscaleraReal,Openllet (Pellet),C:\Users\guill\OneDrive\Desktop\poker-ontology\resultados\instancias_divididas\barajas_25_rangos\resultado_baraja_25r_16p\baraja_25r_16p_escalera_real_benchmark_20260708_170015.csv,True,False,,,,,,,,,False,,,,,,,,,,,
instancias_divididas,25,16,Full,HermiT,C:\Users\guill\OneDrive\Desktop\poker-ontology\resultados\instancias_divididas\barajas_25_rangos\resultado_baraja_25r_16p\baraja_25r_16p_full_benchmark_20260708_163155.csv,False,False,,267.0,303.0,93401.0,93704.0,1262.0,56.0,20.0,True,4.0,4.0,4.0,4.0,0.0,0.0,4.0,0.0,0.0,0.0,93.704
instancias_divididas,25,16,Full,JFact (FaCT++),C:\Users\guill\OneDrive\Desktop\poker-ontology\resultados\instancias_divididas\barajas_25_rangos\resultado_baraja_25r_16p\baraja_25r_16p_full_benchmark_20260708_163155.csv,False,False,,139.0,123.0,9433.0,9556.0,5908.0,56.0,20.0,True,4.0,4.0,4.0,4.0,0.0,0.0,4.0,0.0,0.0,0.0,9.556
instancias_divididas,25,16,Full,Openllet (Pellet),C:\Users\guill\OneDrive\Desktop\poker-ontology\resultados\instancias_divididas\barajas_25_rangos\resultado_baraja_25r_16p\baraja_25r_16p_full_benchmark_20260708_163155.csv,True,False,,,,,,,,,False,,,,,,,,,,,
instancias_divididas,25,16,Par,HermiT,C:\Users\guill\OneDrive\Desktop\poker-ontology\resultados\instancias_divididas\barajas_25_rangos\resultado_baraja_25r_16p\baraja_25r_16p_par_benchmark_20260708_160430.csv,False,False,,272.0,292.0,37721.0,38013.0,1064.0,56.0,8.0,True,4.0,4.0,0.0,0.0,0.0,0.0,0.0,0.0,0.0,0.0,38.013
instancias_divididas,25,16,Par,JFact (FaCT++),C:\Users\guill\OneDrive\Desktop\poker-ontology\resultados\instancias_divididas\barajas_25_rangos\resultado_baraja_25r_16p\baraja_25r_16p_par_benchmark_20260708_160430.csv,True,False,,,,,,,,,False,,,,,,,,,,,
instancias_divididas,25,16,Par,Openllet (Pellet),C:\Users\guill\OneDrive\Desktop\poker-ontology\resultados\instancias_divididas\barajas_25_rangos\resultado_baraja_25r_16p\baraja_25r_16p_par_benchmark_20260708_160430.csv,True,False,,,,,,,,,False,,,,,,,,,,,
instancias_divididas,25,16,Poker,HermiT,C:\Users\guill\OneDrive\Desktop\poker-ontology\resultados\instancias_divididas\barajas_25_rangos\resultado_baraja_25r_16p\baraja_25r_16p_poker_benchmark_20260708_163411.csv,False,False,,281.0,273.0,328931.0,329204.0,3755.0,56.0,16.0,True,4.0,4.0,0.0,4.0,0.0,0.0,0.0,4.0,0.0,0.0,329.204
instancias_divididas,25,16,Poker,JFact (FaCT++),C:\Users\guill\OneDrive\Desktop\poker-ontology\resultados\instancias_divididas\barajas_25_rangos\resultado_baraja_25r_16p\baraja_25r_16p_poker_benchmark_20260708_163411.csv,False,False,,149.0,160.0,425391.0,425551.0,14763.0,56.0,16.0,True,4.0,4.0,0.0,4.0,0.0,0.0,0.0,4.0,0.0,0.0,425.551
instancias_divididas,25,16,Poker,Openllet (Pellet),C:\Users\guill\OneDrive\Desktop\poker-ontology\resultados\instancias_divididas\barajas_25_rangos\resultado_baraja_25r_16p\baraja_25r_16p_poker_benchmark_20260708_163411.csv,True,False,,,,,,,,,False,,,,,,,,,,,
instancias_divididas,25,16,Trio,HermiT,C:\Users\guill\OneDrive\Desktop\poker-ontology\resultados\instancias_divididas\barajas_25_rangos\resultado_baraja_25r_16p\baraja_25r_16p_trio_benchmark_20260708_161541.csv,False,False,,256.0,302.0,80188.0,80490.0,1269.0,56.0,12.0,True,4.0,4.0,0.0,4.0,0.0,0.0,0.0,0.0,0.0,0.0,80.49
instancias_divididas,25,16,Trio,JFact (FaCT++),C:\Users\guill\OneDrive\Desktop\poker-ontology\resultados\instancias_divididas\barajas_25_rangos\resultado_baraja_25r_16p\baraja_25r_16p_trio_benchmark_20260708_161541.csv,False,False,,146.0,161.0,32928.0,33089.0,14739.0,56.0,12.0,True,4.0,4.0,0.0,4.0,0.0,0.0,0.0,0.0,0.0,0.0,33.089
instancias_divididas,25,16,Trio,Openllet (Pellet),C:\Users\guill\OneDrive\Desktop\poker-ontology\resultados\instancias_divididas\barajas_25_rangos\resultado_baraja_25r_16p\baraja_25r_16p_trio_benchmark_20260708_161541.csv,True,False,,,,,,,,,False,,,,,,,,,,,
instancias_divididas,25,4,CartaAlta,HermiT,C:\Users\guill\OneDrive\Desktop\poker-ontology\resultados\instancias_divididas\barajas_25_rangos\resultado_baraja_25r_4p\baraja_25r_4p_carta_alta_benchmark_20260709_151645.csv,False,False,,136.0,218.0,14092.0,14310.0,630.0,44.0,4.0,True,4.0,0.0,0.0,0.0,0.0,0.0,0.0,0.0,0.0,0.0,14.31
instancias_divididas,25,4,CartaAlta,JFact (FaCT++),C:\Users\guill\OneDrive\Desktop\poker-ontology\resultados\instancias_divididas\barajas_25_rangos\resultado_baraja_25r_4p\baraja_25r_4p_carta_alta_benchmark_20260709_151645.csv,True,False,,,,,,,,,False,,,,,,,,,,,
instancias_divididas,25,4,CartaAlta,Openllet (Pellet),C:\Users\guill\OneDrive\Desktop\poker-ontology\resultados\instancias_divididas\barajas_25_rangos\resultado_baraja_25r_4p\baraja_25r_4p_carta_alta_benchmark_20260709_151645.csv,True,False,,,,,,,,,False,,,,,,,,,,,
instancias_divididas,25,4,Color,HermiT,C:\Users\guill\OneDrive\Desktop\poker-ontology\resultados\instancias_divididas\barajas_25_rangos\resultado_baraja_25r_4p\baraja_25r_4p_color_benchmark_20260709_154242.csv,False,False,,175.0,222.0,62537.0,62759.0,1229.0,44.0,8.0,True,4.0,0.0,0.0,0.0,0.0,4.0,0.0,0.0,0.0,0.0,62.759
instancias_divididas,25,4,Color,JFact (FaCT++),C:\Users\guill\OneDrive\Desktop\poker-ontology\resultados\instancias_divididas\barajas_25_rangos\resultado_baraja_25r_4p\baraja_25r_4p_color_benchmark_20260709_154242.csv,True,False,,,,,,,,,False,,,,,,,,,,,
instancias_divididas,25,4,Color,Openllet (Pellet),C:\Users\guill\OneDrive\Desktop\poker-ontology\resultados\instancias_divididas\barajas_25_rangos\resultado_baraja_25r_4p\baraja_25r_4p_color_benchmark_20260709_154242.csv,True,False,,,,,,,,,False,,,,,,,,,,,
instancias_divididas,25,4,DoblePar,HermiT,C:\Users\guill\OneDrive\Desktop\poker-ontology\resultados\instancias_divididas\barajas_25_rangos\resultado_baraja_25r_4p\baraja_25r_4p_doble_par_benchmark_20260709_152231.csv,False,False,,155.0,230.0,24100.0,24330.0,726.0,44.0,12.0,True,4.0,4.0,4.0,0.0,0.0,0.0,0.0,0.0,0.0,0.0,24.33
instancias_divididas,25,4,DoblePar,JFact (FaCT++),C:\Users\guill\OneDrive\Desktop\poker-ontology\resultados\instancias_divididas\barajas_25_rangos\resultado_baraja_25r_4p\baraja_25r_4p_doble_par_benchmark_20260709_152231.csv,True,False,,,,,,,,,False,,,,,,,,,,,
instancias_divididas,25,4,DoblePar,Openllet (Pellet),C:\Users\guill\OneDrive\Desktop\poker-ontology\resultados\instancias_divididas\barajas_25_rangos\resultado_baraja_25r_4p\baraja_25r_4p_doble_par_benchmark_20260709_152231.csv,True,False,,,,,,,,,False,,,,,,,,,,,
instancias_divididas,25,4,Escalera,HermiT,C:\Users\guill\OneDrive\Desktop\poker-ontology\resultados\instancias_divididas\barajas_25_rangos\resultado_baraja_25r_4p\baraja_25r_4p_escalera_benchmark_20260709_153638.csv,False,False,,154.0,236.0,32380.0,32616.0,1231.0,44.0,8.0,True,4.0,0.0,0.0,0.0,4.0,0.0,0.0,0.0,0.0,0.0,32.616
instancias_divididas,25,4,Escalera,JFact (FaCT++),C:\Users\guill\OneDrive\Desktop\poker-ontology\resultados\instancias_divididas\barajas_25_rangos\resultado_baraja_25r_4p\baraja_25r_4p_escalera_benchmark_20260709_153638.csv,True,False,,,,,,,,,False,,,,,,,,,,,
instancias_divididas,25,4,Escalera,Openllet (Pellet),C:\Users\guill\OneDrive\Desktop\poker-ontology\resultados\instancias_divididas\barajas_25_rangos\resultado_baraja_25r_4p\baraja_25r_4p_escalera_benchmark_20260709_153638.csv,True,False,,,,,,,,,False,,,,,,,,,,,
instancias_divididas,25,4,EscaleraColor,HermiT,C:\Users\guill\OneDrive\Desktop\poker-ontology\resultados\instancias_divididas\barajas_25_rangos\resultado_baraja_25r_4p\baraja_25r_4p_escalera_color_benchmark_20260709_155930.csv,False,False,,150.0,261.0,129278.0,129539.0,1242.0,44.0,16.0,True,4.0,0.0,0.0,0.0,4.0,4.0,0.0,0.0,4.0,0.0,129.539
instancias_divididas,25,4,EscaleraColor,JFact (FaCT++),C:\Users\guill\OneDrive\Desktop\poker-ontology\resultados\instancias_divididas\barajas_25_rangos\resultado_baraja_25r_4p\baraja_25r_4p_escalera_color_benchmark_20260709_155930.csv,True,False,,,,,,,,,False,,,,,,,,,,,
instancias_divididas,25,4,EscaleraColor,Openllet (Pellet),C:\Users\guill\OneDrive\Desktop\poker-ontology\resultados\instancias_divididas\barajas_25_rangos\resultado_baraja_25r_4p\baraja_25r_4p_escalera_color_benchmark_20260709_155930.csv,True,False,,,,,,,,,False,,,,,,,,,,,
instancias_divididas,25,4,EscaleraReal,HermiT,C:\Users\guill\OneDrive\Desktop\poker-ontology\resultados\instancias_divididas\barajas_25_rangos\resultado_baraja_25r_4p\baraja_25r_4p_escalera_real_benchmark_20260709_160711.csv,False,False,,146.0,267.0,12186.0,12453.0,390.0,44.0,20.0,True,4.0,0.0,0.0,0.0,4.0,4.0,0.0,0.0,4.0,4.0,12.453
instancias_divididas,25,4,EscaleraReal,JFact (FaCT++),C:\Users\guill\OneDrive\Desktop\poker-ontology\resultados\instancias_divididas\barajas_25_rangos\resultado_baraja_25r_4p\baraja_25r_4p_escalera_real_benchmark_20260709_160711.csv,False,False,,96.0,152.0,5065.0,5217.0,2026.0,44.0,20.0,True,4.0,0.0,0.0,0.0,4.0,4.0,0.0,0.0,4.0,4.0,5.217
instancias_divididas,25,4,EscaleraReal,Openllet (Pellet),C:\Users\guill\OneDrive\Desktop\poker-ontology\resultados\instancias_divididas\barajas_25_rangos\resultado_baraja_25r_4p\baraja_25r_4p_escalera_real_benchmark_20260709_160711.csv,True,False,,,,,,,,,False,,,,,,,,,,,
instancias_divididas,25,4,Full,HermiT,C:\Users\guill\OneDrive\Desktop\poker-ontology\resultados\instancias_divididas\barajas_25_rangos\resultado_baraja_25r_4p\baraja_25r_4p_full_benchmark_20260709_154917.csv,False,False,,154.0,214.0,75755.0,75969.0,1246.0,44.0,20.0,True,4.0,4.0,4.0,4.0,0.0,0.0,4.0,0.0,0.0,0.0,75.969
instancias_divididas,25,4,Full,JFact (FaCT++),C:\Users\guill\OneDrive\Desktop\poker-ontology\resultados\instancias_divididas\barajas_25_rangos\resultado_baraja_25r_4p\baraja_25r_4p_full_benchmark_20260709_154917.csv,True,False,,,,,,,,,False,,,,,,,,,,,
instancias_divididas,25,4,Full,Openllet (Pellet),C:\Users\guill\OneDrive\Desktop\poker-ontology\resultados\instancias_divididas\barajas_25_rangos\resultado_baraja_25r_4p\baraja_25r_4p_full_benchmark_20260709_154917.csv,True,False,,,,,,,,,False,,,,,,,,,,,
instancias_divididas,25,4,Par,HermiT,C:\Users\guill\OneDrive\Desktop\poker-ontology\resultados\instancias_divididas\barajas_25_rangos\resultado_baraja_25r_4p\baraja_25r_4p_par_benchmark_20260709_152828.csv,False,False,,162.0,233.0,32756.0,32989.0,806.0,44.0,8.0,True,4.0,4.0,0.0,0.0,0.0,0.0,0.0,0.0,0.0,0.0,32.989
instancias_divididas,25,4,Par,JFact (FaCT++),C:\Users\guill\OneDrive\Desktop\poker-ontology\resultados\instancias_divididas\barajas_25_rangos\resultado_baraja_25r_4p\baraja_25r_4p_par_benchmark_20260709_152828.csv,False,False,,97.0,106.0,16144.0,16250.0,13962.0,44.0,8.0,True,4.0,4.0,0.0,0.0,0.0,0.0,0.0,0.0,0.0,0.0,16.25
instancias_divididas,25,4,Par,Openllet (Pellet),C:\Users\guill\OneDrive\Desktop\poker-ontology\resultados\instancias_divididas\barajas_25_rangos\resultado_baraja_25r_4p\baraja_25r_4p_par_benchmark_20260709_152828.csv,True,False,,,,,,,,,False,,,,,,,,,,,
instancias_divididas,25,4,Poker,HermiT,C:\Users\guill\OneDrive\Desktop\poker-ontology\resultados\instancias_divididas\barajas_25_rangos\resultado_baraja_25r_4p\baraja_25r_4p_poker_benchmark_20260709_155605.csv,False,False,,141.0,271.0,136789.0,137060.0,1247.0,44.0,16.0,True,4.0,4.0,0.0,4.0,0.0,0.0,0.0,4.0,0.0,0.0,137.06
instancias_divididas,25,4,Poker,JFact (FaCT++),C:\Users\guill\OneDrive\Desktop\poker-ontology\resultados\instancias_divididas\barajas_25_rangos\resultado_baraja_25r_4p\baraja_25r_4p_poker_benchmark_20260709_155605.csv,False,False,,93.0,121.0,35872.0,35993.0,14730.0,44.0,16.0,True,4.0,4.0,0.0,4.0,0.0,0.0,0.0,4.0,0.0,0.0,35.993
instancias_divididas,25,4,Poker,Openllet (Pellet),C:\Users\guill\OneDrive\Desktop\poker-ontology\resultados\instancias_divididas\barajas_25_rangos\resultado_baraja_25r_4p\baraja_25r_4p_poker_benchmark_20260709_155605.csv,True,False,,,,,,,,,False,,,,,,,,,,,
instancias_divididas,25,4,Trio,HermiT,C:\Users\guill\OneDrive\Desktop\poker-ontology\resultados\instancias_divididas\barajas_25_rangos\resultado_baraja_25r_4p\baraja_25r_4p_trio_benchmark_20260709_152949.csv,False,False,,152.0,225.0,76661.0,76886.0,1232.0,44.0,12.0,True,4.0,4.0,0.0,4.0,0.0,0.0,0.0,0.0,0.0,0.0,76.886
instancias_divididas,25,4,Trio,JFact (FaCT++),C:\Users\guill\OneDrive\Desktop\poker-ontology\resultados\instancias_divididas\barajas_25_rangos\resultado_baraja_25r_4p\baraja_25r_4p_trio_benchmark_20260709_152949.csv,True,False,,,,,,,,,False,,,,,,,,,,,
instancias_divididas,25,4,Trio,Openllet (Pellet),C:\Users\guill\OneDrive\Desktop\poker-ontology\resultados\instancias_divididas\barajas_25_rangos\resultado_baraja_25r_4p\baraja_25r_4p_trio_benchmark_20260709_152949.csv,True,False,,,,,,,,,False,,,,,,,,,,,
instancias_divididas,25,8,CartaAlta,HermiT,C:\Users\guill\OneDrive\Desktop\poker-ontology\resultados\instancias_divididas\barajas_25_rangos\resultado_baraja_25r_8p\baraja_25r_8p_carta_alta_benchmark_20260708_180120.csv,False,False,,168.0,279.0,14788.0,15067.0,663.0,48.0,4.0,True,4.0,0.0,0.0,0.0,0.0,0.0,0.0,0.0,0.0,0.0,15.067
instancias_divididas,25,8,CartaAlta,JFact (FaCT++),C:\Users\guill\OneDrive\Desktop\poker-ontology\resultados\instancias_divididas\barajas_25_rangos\resultado_baraja_25r_8p\baraja_25r_8p_carta_alta_benchmark_20260708_180120.csv,True,False,,,,,,,,,False,,,,,,,,,,,
instancias_divididas,25,8,CartaAlta,Openllet (Pellet),C:\Users\guill\OneDrive\Desktop\poker-ontology\resultados\instancias_divididas\barajas_25_rangos\resultado_baraja_25r_8p\baraja_25r_8p_carta_alta_benchmark_20260708_180120.csv,True,False,,,,,,,,,False,,,,,,,,,,,
instancias_divididas,25,8,Color,HermiT,C:\Users\guill\OneDrive\Desktop\poker-ontology\resultados\instancias_divididas\barajas_25_rangos\resultado_baraja_25r_8p\baraja_25r_8p_color_benchmark_20260708_185729.csv,False,False,,179.0,337.0,110530.0,110867.0,1251.0,48.0,8.0,True,4.0,0.0,0.0,0.0,0.0,4.0,0.0,0.0,0.0,0.0,110.867
instancias_divididas,25,8,Color,JFact (FaCT++),C:\Users\guill\OneDrive\Desktop\poker-ontology\resultados\instancias_divididas\barajas_25_rangos\resultado_baraja_25r_8p\baraja_25r_8p_color_benchmark_20260708_185729.csv,False,False,,77.0,74.0,6344.0,6418.0,3997.0,48.0,8.0,True,4.0,0.0,0.0,0.0,0.0,4.0,0.0,0.0,0.0,0.0,6.418
instancias_divididas,25,8,Color,Openllet (Pellet),C:\Users\guill\OneDrive\Desktop\poker-ontology\resultados\instancias_divididas\barajas_25_rangos\resultado_baraja_25r_8p\baraja_25r_8p_color_benchmark_20260708_185729.csv,True,False,,,,,,,,,False,,,,,,,,,,,
instancias_divididas,25,8,DoblePar,HermiT,C:\Users\guill\OneDrive\Desktop\poker-ontology\resultados\instancias_divididas\barajas_25_rangos\resultado_baraja_25r_8p\baraja_25r_8p_doble_par_benchmark_20260708_181207.csv,False,False,,194.0,297.0,25993.0,26290.0,807.0,48.0,12.0,True,4.0,4.0,4.0,0.0,0.0,0.0,0.0,0.0,0.0,0.0,26.29
instancias_divididas,25,8,DoblePar,JFact (FaCT++),C:\Users\guill\OneDrive\Desktop\poker-ontology\resultados\instancias_divididas\barajas_25_rangos\resultado_baraja_25r_8p\baraja_25r_8p_doble_par_benchmark_20260708_181207.csv,True,False,,,,,,,,,False,,,,,,,,,,,
instancias_divididas,25,8,DoblePar,Openllet (Pellet),C:\Users\guill\OneDrive\Desktop\poker-ontology\resultados\instancias_divididas\barajas_25_rangos\resultado_baraja_25r_8p\baraja_25r_8p_doble_par_benchmark_20260708_181207.csv,True,False,,,,,,,,,False,,,,,,,,,,,
instancias_divididas,25,8,Escalera,HermiT,C:\Users\guill\OneDrive\Desktop\poker-ontology\resultados\instancias_divididas\barajas_25_rangos\resultado_baraja_25r_8p\baraja_25r_8p_escalera_benchmark_20260708_184623.csv,False,False,,200.0,308.0,34094.0,34402.0,1232.0,48.0,8.0,True,4.0,0.0,0.0,0.0,4.0,0.0,0.0,0.0,0.0,0.0,34.402
instancias_divididas,25,8,Escalera,JFact (FaCT++),C:\Users\guill\OneDrive\Desktop\poker-ontology\resultados\instancias_divididas\barajas_25_rangos\resultado_baraja_25r_8p\baraja_25r_8p_escalera_benchmark_20260708_184623.csv,True,False,,,,,,,,,False,,,,,,,,,,,
instancias_divididas,25,8,Escalera,Openllet (Pellet),C:\Users\guill\OneDrive\Desktop\poker-ontology\resultados\instancias_divididas\barajas_25_rangos\resultado_baraja_25r_8p\baraja_25r_8p_escalera_benchmark_20260708_184623.csv,True,False,,,,,,,,,False,,,,,,,,,,,
instancias_divididas,25,8,EscaleraColor,HermiT,C:\Users\guill\OneDrive\Desktop\poker-ontology\resultados\instancias_divididas\barajas_25_rangos\resultado_baraja_25r_8p\baraja_25r_8p_escalera_color_benchmark_20260708_192703.csv,False,False,,193.0,305.0,159893.0,160198.0,1257.0,48.0,16.0,True,4.0,0.0,0.0,0.0,4.0,4.0,0.0,0.0,4.0,0.0,160.198
instancias_divididas,25,8,EscaleraColor,JFact (FaCT++),C:\Users\guill\OneDrive\Desktop\poker-ontology\resultados\instancias_divididas\barajas_25_rangos\resultado_baraja_25r_8p\baraja_25r_8p_escalera_color_benchmark_20260708_192703.csv,False,False,,77.0,91.0,195133.0,195224.0,14733.0,48.0,16.0,True,4.0,0.0,0.0,0.0,4.0,4.0,0.0,0.0,4.0,0.0,195.224
instancias_divididas,25,8,EscaleraColor,Openllet (Pellet),C:\Users\guill\OneDrive\Desktop\poker-ontology\resultados\instancias_divididas\barajas_25_rangos\resultado_baraja_25r_8p\baraja_25r_8p_escalera_color_benchmark_20260708_192703.csv,True,False,,,,,,,,,False,,,,,,,,,,,
instancias_divididas,25,8,EscaleraReal,HermiT,C:\Users\guill\OneDrive\Desktop\poker-ontology\resultados\instancias_divididas\barajas_25_rangos\resultado_baraja_25r_8p\baraja_25r_8p_escalera_real_benchmark_20260708_193331.csv,False,False,,179.0,283.0,13585.0,13868.0,551.0,48.0,20.0,True,4.0,0.0,0.0,0.0,4.0,4.0,0.0,0.0,4.0,4.0,13.868
instancias_divididas,25,8,EscaleraReal,JFact (FaCT++),C:\Users\guill\OneDrive\Desktop\poker-ontology\resultados\instancias_divididas\barajas_25_rangos\resultado_baraja_25r_8p\baraja_25r_8p_escalera_real_benchmark_20260708_193331.csv,False,False,,101.0,90.0,302781.0,302871.0,14736.0,48.0,20.0,True,4.0,0.0,0.0,0.0,4.0,4.0,0.0,0.0,4.0,4.0,302.871
instancias_divididas,25,8,EscaleraReal,Openllet (Pellet),C:\Users\guill\OneDrive\Desktop\poker-ontology\resultados\instancias_divididas\barajas_25_rangos\resultado_baraja_25r_8p\baraja_25r_8p_escalera_real_benchmark_20260708_193331.csv,True,False,,,,,,,,,False,,,,,,,,,,,
instancias_divididas,25,8,Full,HermiT,C:\Users\guill\OneDrive\Desktop\poker-ontology\resultados\instancias_divididas\barajas_25_rangos\resultado_baraja_25r_8p\baraja_25r_8p_full_benchmark_20260708_185958.csv,False,False,,197.0,281.0,54258.0,54539.0,1235.0,48.0,20.0,True,4.0,4.0,4.0,4.0,0.0,0.0,4.0,0.0,0.0,0.0,54.539
instancias_divididas,25,8,Full,JFact (FaCT++),C:\Users\guill\OneDrive\Desktop\poker-ontology\resultados\instancias_divididas\barajas_25_rangos\resultado_baraja_25r_8p\baraja_25r_8p_full_benchmark_20260708_185958.csv,True,False,,,,,,,,,False,,,,,,,,,,,
instancias_divididas,25,8,Full,Openllet (Pellet),C:\Users\guill\OneDrive\Desktop\poker-ontology\resultados\instancias_divididas\barajas_25_rangos\resultado_baraja_25r_8p\baraja_25r_8p_full_benchmark_20260708_185958.csv,True,False,,,,,,,,,False,,,,,,,,,,,
instancias_divididas,25,8,Par,HermiT,C:\Users\guill\OneDrive\Desktop\poker-ontology\resultados\instancias_divididas\barajas_25_rangos\resultado_baraja_25r_8p\baraja_25r_8p_par_benchmark_20260708_182306.csv,False,False,,200.0,263.0,34419.0,34682.0,807.0,48.0,8.0,True,4.0,4.0,0.0,0.0,0.0,0.0,0.0,0.0,0.0,0.0,34.682
instancias_divididas,25,8,Par,JFact (FaCT++),C:\Users\guill\OneDrive\Desktop\poker-ontology\resultados\instancias_divididas\barajas_25_rangos\resultado_baraja_25r_8p\baraja_25r_8p_par_benchmark_20260708_182306.csv,True,False,,,,,,,,,False,,,,,,,,,,,
instancias_divididas,25,8,Par,Openllet (Pellet),C:\Users\guill\OneDrive\Desktop\poker-ontology\resultados\instancias_divididas\barajas_25_rangos\resultado_baraja_25r_8p\baraja_25r_8p_par_benchmark_20260708_182306.csv,True,False,,,,,,,,,False,,,,,,,,,,,
instancias_divididas,25,8,Poker,HermiT,C:\Users\guill\OneDrive\Desktop\poker-ontology\resultados\instancias_divididas\barajas_25_rangos\resultado_baraja_25r_8p\baraja_25r_8p_poker_benchmark_20260708_191125.csv,False,False,,179.0,254.0,306159.0,306413.0,3512.0,48.0,16.0,True,4.0,4.0,0.0,4.0,0.0,0.0,0.0,4.0,0.0,0.0,306.413
instancias_divididas,25,8,Poker,JFact (FaCT++),C:\Users\guill\OneDrive\Desktop\poker-ontology\resultados\instancias_divididas\barajas_25_rangos\resultado_baraja_25r_8p\baraja_25r_8p_poker_benchmark_20260708_191125.csv,True,False,,,,,,,,,False,,,,,,,,,,,
instancias_divididas,25,8,Poker,Openllet (Pellet),C:\Users\guill\OneDrive\Desktop\poker-ontology\resultados\instancias_divididas\barajas_25_rangos\resultado_baraja_25r_8p\baraja_25r_8p_poker_benchmark_20260708_191125.csv,True,False,,,,,,,,,False,,,,,,,,,,,
instancias_divididas,25,8,Trio,HermiT,C:\Users\guill\OneDrive\Desktop\poker-ontology\resultados\instancias_divididas\barajas_25_rangos\resultado_baraja_25r_8p\baraja_25r_8p_trio_benchmark_20260708_183413.csv,False,False,,171.0,253.0,97836.0,98089.0,1242.0,48.0,12.0,True,4.0,4.0,0.0,4.0,0.0,0.0,0.0,0.0,0.0,0.0,98.089
instancias_divididas,25,8,Trio,JFact (FaCT++),C:\Users\guill\OneDrive\Desktop\poker-ontology\resultados\instancias_divididas\barajas_25_rangos\resultado_baraja_25r_8p\baraja_25r_8p_trio_benchmark_20260708_183413.csv,True,False,,,,,,,,,False,,,,,,,,,,,
instancias_divididas,25,8,Trio,Openllet (Pellet),C:\Users\guill\OneDrive\Desktop\poker-ontology\resultados\instancias_divididas\barajas_25_rangos\resultado_baraja_25r_8p\baraja_25r_8p_trio_benchmark_20260708_183413.csv,True,False,,,,,,,,,False,,,,,,,,,,,
instancias_divididas,31,12,CartaAlta,HermiT,C:\Users\guill\OneDrive\Desktop\poker-ontology\resultados\instancias_divididas\barajas_31_rangos\resultado_baraja_31r_12p\baraja_31r_12p_carta_alta_benchmark_20260708_125540.csv,False,False,,314.0,275.0,20998.0,21273.0,903.0,58.0,4.0,True,4.0,0.0,0.0,0.0,0.0,0.0,0.0,0.0,0.0,0.0,21.273
instancias_divididas,31,12,CartaAlta,JFact (FaCT++),C:\Users\guill\OneDrive\Desktop\poker-ontology\resultados\instancias_divididas\barajas_31_rangos\resultado_baraja_31r_12p\baraja_31r_12p_carta_alta_benchmark_20260708_125540.csv,True,False,,,,,,,,,False,,,,,,,,,,,
instancias_divididas,31,12,CartaAlta,Openllet (Pellet),C:\Users\guill\OneDrive\Desktop\poker-ontology\resultados\instancias_divididas\barajas_31_rangos\resultado_baraja_31r_12p\baraja_31r_12p_carta_alta_benchmark_20260708_125540.csv,True,False,,,,,,,,,False,,,,,,,,,,,
instancias_divididas,31,12,Color,HermiT,C:\Users\guill\OneDrive\Desktop\poker-ontology\resultados\instancias_divididas\barajas_31_rangos\resultado_baraja_31r_12p\baraja_31r_12p_color_benchmark_20260708_131426.csv,False,False,,263.0,304.0,92424.0,92728.0,1267.0,58.0,8.0,True,4.0,0.0,0.0,0.0,0.0,4.0,0.0,0.0,0.0,0.0,92.728
instancias_divididas,31,12,Color,JFact (FaCT++),C:\Users\guill\OneDrive\Desktop\poker-ontology\resultados\instancias_divididas\barajas_31_rangos\resultado_baraja_31r_12p\baraja_31r_12p_color_benchmark_20260708_131426.csv,False,False,,100.0,99.0,10684.0,10783.0,6897.0,58.0,8.0,True,4.0,0.0,0.0,0.0,0.0,4.0,0.0,0.0,0.0,0.0,10.783
instancias_divididas,31,12,Color,Openllet (Pellet),C:\Users\guill\OneDrive\Desktop\poker-ontology\resultados\instancias_divididas\barajas_31_rangos\resultado_baraja_31r_12p\baraja_31r_12p_color_benchmark_20260708_131426.csv,True,False,,,,,,,,,False,,,,,,,,,,,
instancias_divididas,31,12,DoblePar,HermiT,C:\Users\guill\OneDrive\Desktop\poker-ontology\resultados\instancias_divididas\barajas_31_rangos\resultado_baraja_31r_12p\baraja_31r_12p_doble_par_benchmark_20260708_130633.csv,False,False,,264.0,346.0,28783.0,29129.0,999.0,58.0,12.0,True,4.0,4.0,4.0,0.0,0.0,0.0,0.0,0.0,0.0,0.0,29.129
instancias_divididas,31,12,DoblePar,JFact (FaCT++),C:\Users\guill\OneDrive\Desktop\poker-ontology\resultados\instancias_divididas\barajas_31_rangos\resultado_baraja_31r_12p\baraja_31r_12p_doble_par_benchmark_20260708_130633.csv,False,False,,119.0,151.0,28496.0,28647.0,14738.0,58.0,12.0,True,4.0,4.0,4.0,0.0,0.0,0.0,0.0,0.0,0.0,0.0,28.647
instancias_divididas,31,12,DoblePar,Openllet (Pellet),C:\Users\guill\OneDrive\Desktop\poker-ontology\resultados\instancias_divididas\barajas_31_rangos\resultado_baraja_31r_12p\baraja_31r_12p_doble_par_benchmark_20260708_130633.csv,True,False,,,,,,,,,False,,,,,,,,,,,
instancias_divididas,31,12,Escalera,HermiT,C:\Users\guill\OneDrive\Desktop\poker-ontology\resultados\instancias_divididas\barajas_31_rangos\resultado_baraja_31r_12p\baraja_31r_12p_escalera_benchmark_20260708_131256.csv,False,False,,283.0,298.0,33812.0,34110.0,1253.0,58.0,8.0,True,4.0,0.0,0.0,0.0,4.0,0.0,0.0,0.0,0.0,0.0,34.11
instancias_divididas,31,12,Escalera,JFact (FaCT++),C:\Users\guill\OneDrive\Desktop\poker-ontology\resultados\instancias_divididas\barajas_31_rangos\resultado_baraja_31r_12p\baraja_31r_12p_escalera_benchmark_20260708_131256.csv,False,False,,145.0,133.0,23445.0,23578.0,14739.0,58.0,8.0,True,4.0,0.0,0.0,0.0,4.0,0.0,0.0,0.0,0.0,0.0,23.578
instancias_divididas,31,12,Escalera,Openllet (Pellet),C:\Users\guill\OneDrive\Desktop\poker-ontology\resultados\instancias_divididas\barajas_31_rangos\resultado_baraja_31r_12p\baraja_31r_12p_escalera_benchmark_20260708_131256.csv,True,False,,,,,,,,,False,,,,,,,,,,,
instancias_divididas,31,12,EscaleraColor,HermiT,C:\Users\guill\OneDrive\Desktop\poker-ontology\resultados\instancias_divididas\barajas_31_rangos\resultado_baraja_31r_12p\baraja_31r_12p_escalera_color_benchmark_20260708_132720.csv,False,False,,287.0,310.0,200583.0,200893.0,1333.0,58.0,16.0,True,4.0,0.0,0.0,0.0,4.0,4.0,0.0,0.0,4.0,0.0,200.893
instancias_divididas,31,12,EscaleraColor,JFact (FaCT++),C:\Users\guill\OneDrive\Desktop\poker-ontology\resultados\instancias_divididas\barajas_31_rangos\resultado_baraja_31r_12p\baraja_31r_12p_escalera_color_benchmark_20260708_132720.csv,False,False,,143.0,102.0,46956.0,47058.0,14754.0,58.0,16.0,True,4.0,0.0,0.0,0.0,4.0,4.0,0.0,0.0,4.0,0.0,47.058
instancias_divididas,31,12,EscaleraColor,Openllet (Pellet),C:\Users\guill\OneDrive\Desktop\poker-ontology\resultados\instancias_divididas\barajas_31_rangos\resultado_baraja_31r_12p\baraja_31r_12p_escalera_color_benchmark_20260708_132720.csv,True,False,,,,,,,,,False,,,,,,,,,,,
instancias_divididas,31,12,EscaleraReal,HermiT,C:\Users\guill\OneDrive\Desktop\poker-ontology\resultados\instancias_divididas\barajas_31_rangos\resultado_baraja_31r_12p\baraja_31r_12p_escalera_real_benchmark_20260708_133201.csv,False,False,,244.0,336.0,18875.0,19211.0,871.0,58.0,20.0,True,4.0,0.0,0.0,0.0,4.0,4.0,0.0,0.0,4.0,4.0,19.211
instancias_divididas,31,12,EscaleraReal,JFact (FaCT++),C:\Users\guill\OneDrive\Desktop\poker-ontology\resultados\instancias_divididas\barajas_31_rangos\resultado_baraja_31r_12p\baraja_31r_12p_escalera_real_benchmark_20260708_133201.csv,False,False,,120.0,147.0,9568.0,9715.0,4562.0,58.0,20.0,True,4.0,0.0,0.0,0.0,4.0,4.0,0.0,0.0,4.0,4.0,9.715
instancias_divididas,31,12,EscaleraReal,Openllet (Pellet),C:\Users\guill\OneDrive\Desktop\poker-ontology\resultados\instancias_divididas\barajas_31_rangos\resultado_baraja_31r_12p\baraja_31r_12p_escalera_real_benchmark_20260708_133201.csv,True,False,,,,,,,,,False,,,,,,,,,,,
instancias_divididas,31,12,Full,HermiT,C:\Users\guill\OneDrive\Desktop\poker-ontology\resultados\instancias_divididas\barajas_31_rangos\resultado_baraja_31r_12p\baraja_31r_12p_full_benchmark_20260708_131642.csv,False,False,,253.0,382.0,108638.0,109020.0,1267.0,58.0,20.0,True,4.0,4.0,4.0,4.0,0.0,0.0,4.0,0.0,0.0,0.0,109.02
instancias_divididas,31,12,Full,JFact (FaCT++),C:\Users\guill\OneDrive\Desktop\poker-ontology\resultados\instancias_divididas\barajas_31_rangos\resultado_baraja_31r_12p\baraja_31r_12p_full_benchmark_20260708_131642.csv,False,False,,110.0,105.0,50859.0,50964.0,14739.0,58.0,20.0,True,4.0,4.0,4.0,4.0,0.0,0.0,4.0,0.0,0.0,0.0,50.964
instancias_divididas,31,12,Full,Openllet (Pellet),C:\Users\guill\OneDrive\Desktop\poker-ontology\resultados\instancias_divididas\barajas_31_rangos\resultado_baraja_31r_12p\baraja_31r_12p_full_benchmark_20260708_131642.csv,True,False,,,,,,,,,False,,,,,,,,,,,
instancias_divididas,31,12,Par,HermiT,C:\Users\guill\OneDrive\Desktop\poker-ontology\resultados\instancias_divididas\barajas_31_rangos\resultado_baraja_31r_12p\baraja_31r_12p_par_benchmark_20260708_130804.csv,False,False,,274.0,362.0,52687.0,53049.0,1248.0,58.0,8.0,True,4.0,4.0,0.0,0.0,0.0,0.0,0.0,0.0,0.0,0.0,53.049
instancias_divididas,31,12,Par,JFact (FaCT++),C:\Users\guill\OneDrive\Desktop\poker-ontology\resultados\instancias_divididas\barajas_31_rangos\resultado_baraja_31r_12p\baraja_31r_12p_par_benchmark_20260708_130804.csv,False,False,,96.0,129.0,47202.0,47331.0,14738.0,58.0,8.0,True,4.0,4.0,0.0,0.0,0.0,0.0,0.0,0.0,0.0,0.0,47.331
instancias_divididas,31,12,Par,Openllet (Pellet),C:\Users\guill\OneDrive\Desktop\poker-ontology\resultados\instancias_divididas\barajas_31_rangos\resultado_baraja_31r_12p\baraja_31r_12p_par_benchmark_20260708_130804.csv,True,False,,,,,,,,,False,,,,,,,,,,,
instancias_divididas,31,12,Poker,HermiT,C:\Users\guill\OneDrive\Desktop\poker-ontology\resultados\instancias_divididas\barajas_31_rangos\resultado_baraja_31r_12p\baraja_31r_12p_poker_benchmark_20260708_131954.csv,False,False,,254.0,301.0,348728.0,349029.0,4489.0,58.0,16.0,True,4.0,4.0,0.0,4.0,0.0,0.0,0.0,4.0,0.0,0.0,349.029
instancias_divididas,31,12,Poker,JFact (FaCT++),C:\Users\guill\OneDrive\Desktop\poker-ontology\resultados\instancias_divididas\barajas_31_rangos\resultado_baraja_31r_12p\baraja_31r_12p_poker_benchmark_20260708_131954.csv,False,False,,96.0,142.0,64991.0,65133.0,14757.0,58.0,16.0,True,4.0,4.0,0.0,4.0,0.0,0.0,0.0,4.0,0.0,0.0,65.133
instancias_divididas,31,12,Poker,Openllet (Pellet),C:\Users\guill\OneDrive\Desktop\poker-ontology\resultados\instancias_divididas\barajas_31_rangos\resultado_baraja_31r_12p\baraja_31r_12p_poker_benchmark_20260708_131954.csv,True,False,,,,,,,,,False,,,,,,,,,,,
instancias_divididas,31,12,Trio,HermiT,C:\Users\guill\OneDrive\Desktop\poker-ontology\resultados\instancias_divididas\barajas_31_rangos\resultado_baraja_31r_12p\baraja_31r_12p_trio_benchmark_20260708_131017.csv,False,False,,285.0,289.0,67958.0,68247.0,1248.0,58.0,12.0,True,4.0,4.0,0.0,4.0,0.0,0.0,0.0,0.0,0.0,0.0,68.247
instancias_divididas,31,12,Trio,JFact (FaCT++),C:\Users\guill\OneDrive\Desktop\poker-ontology\resultados\instancias_divididas\barajas_31_rangos\resultado_baraja_31r_12p\baraja_31r_12p_trio_benchmark_20260708_131017.csv,False,False,,137.0,150.0,57787.0,57937.0,14738.0,58.0,12.0,True,4.0,4.0,0.0,4.0,0.0,0.0,0.0,0.0,0.0,0.0,57.937
instancias_divididas,31,12,Trio,Openllet (Pellet),C:\Users\guill\OneDrive\Desktop\poker-ontology\resultados\instancias_divididas\barajas_31_rangos\resultado_baraja_31r_12p\baraja_31r_12p_trio_benchmark_20260708_131017.csv,True,False,,,,,,,,,False,,,,,,,,,,,
instancias_divididas,31,16,CartaAlta,HermiT,C:\Users\guill\OneDrive\Desktop\poker-ontology\resultados\instancias_divididas\barajas_31_rangos\resultado_baraja_31r_16p\baraja_31r_16p_carta_alta_benchmark_20260708_023713.csv,False,False,,281.0,466.0,20334.0,20800.0,1096.0,62.0,4.0,True,4.0,0.0,0.0,0.0,0.0,0.0,0.0,0.0,0.0,0.0,20.8
instancias_divididas,31,16,CartaAlta,JFact (FaCT++),C:\Users\guill\OneDrive\Desktop\poker-ontology\resultados\instancias_divididas\barajas_31_rangos\resultado_baraja_31r_16p\baraja_31r_16p_carta_alta_benchmark_20260708_023713.csv,False,False,,117.0,152.0,35662.0,35814.0,14743.0,62.0,4.0,True,4.0,0.0,0.0,0.0,0.0,0.0,0.0,0.0,0.0,0.0,35.814
instancias_divididas,31,16,CartaAlta,Openllet (Pellet),C:\Users\guill\OneDrive\Desktop\poker-ontology\resultados\instancias_divididas\barajas_31_rangos\resultado_baraja_31r_16p\baraja_31r_16p_carta_alta_benchmark_20260708_023713.csv,True,False,,,,,,,,,False,,,,,,,,,,,
instancias_divididas,31,16,Color,HermiT,C:\Users\guill\OneDrive\Desktop\poker-ontology\resultados\instancias_divididas\barajas_31_rangos\resultado_baraja_31r_16p\baraja_31r_16p_color_benchmark_20260708_024841.csv,False,False,,286.0,367.0,117002.0,117369.0,1269.0,62.0,8.0,True,4.0,0.0,0.0,0.0,0.0,4.0,0.0,0.0,0.0,0.0,117.369
instancias_divididas,31,16,Color,JFact (FaCT++),C:\Users\guill\OneDrive\Desktop\poker-ontology\resultados\instancias_divididas\barajas_31_rangos\resultado_baraja_31r_16p\baraja_31r_16p_color_benchmark_20260708_024841.csv,False,False,,173.0,196.0,13071.0,13267.0,10088.0,62.0,8.0,True,4.0,0.0,0.0,0.0,0.0,4.0,0.0,0.0,0.0,0.0,13.267
instancias_divididas,31,16,Color,Openllet (Pellet),C:\Users\guill\OneDrive\Desktop\poker-ontology\resultados\instancias_divididas\barajas_31_rangos\resultado_baraja_31r_16p\baraja_31r_16p_color_benchmark_20260708_024841.csv,True,False,,,,,,,,,False,,,,,,,,,,,
instancias_divididas,31,16,DoblePar,HermiT,C:\Users\guill\OneDrive\Desktop\poker-ontology\resultados\instancias_divididas\barajas_31_rangos\resultado_baraja_31r_16p\baraja_31r_16p_doble_par_benchmark_20260708_023842.csv,False,False,,257.0,496.0,34944.0,35440.0,1247.0,62.0,12.0,True,4.0,4.0,4.0,0.0,0.0,0.0,0.0,0.0,0.0,0.0,35.44
instancias_divididas,31,16,DoblePar,JFact (FaCT++),C:\Users\guill\OneDrive\Desktop\poker-ontology\resultados\instancias_divididas\barajas_31_rangos\resultado_baraja_31r_16p\baraja_31r_16p_doble_par_benchmark_20260708_023842.csv,False,False,,107.0,173.0,60160.0,60333.0,14745.0,62.0,12.0,True,4.0,4.0,4.0,0.0,0.0,0.0,0.0,0.0,0.0,0.0,60.333
instancias_divididas,31,16,DoblePar,Openllet (Pellet),C:\Users\guill\OneDrive\Desktop\poker-ontology\resultados\instancias_divididas\barajas_31_rangos\resultado_baraja_31r_16p\baraja_31r_16p_doble_par_benchmark_20260708_023842.csv,True,False,,,,,,,,,False,,,,,,,,,,,
instancias_divididas,31,16,Escalera,HermiT,C:\Users\guill\OneDrive\Desktop\poker-ontology\resultados\instancias_divididas\barajas_31_rangos\resultado_baraja_31r_16p\baraja_31r_16p_escalera_benchmark_20260708_024639.csv,False,False,,281.0,473.0,45698.0,46171.0,1268.0,62.0,8.0,True,4.0,0.0,0.0,0.0,4.0,0.0,0.0,0.0,0.0,0.0,46.171
instancias_divididas,31,16,Escalera,JFact (FaCT++),C:\Users\guill\OneDrive\Desktop\poker-ontology\resultados\instancias_divididas\barajas_31_rangos\resultado_baraja_31r_16p\baraja_31r_16p_escalera_benchmark_20260708_024639.csv,False,False,,167.0,148.0,43915.0,44063.0,14745.0,62.0,8.0,True,4.0,0.0,0.0,0.0,4.0,0.0,0.0,0.0,0.0,0.0,44.063
instancias_divididas,31,16,Escalera,Openllet (Pellet),C:\Users\guill\OneDrive\Desktop\poker-ontology\resultados\instancias_divididas\barajas_31_rangos\resultado_baraja_31r_16p\baraja_31r_16p_escalera_benchmark_20260708_024639.csv,True,False,,,,,,,,,False,,,,,,,,,,,
instancias_divididas,31,16,EscaleraColor,HermiT,C:\Users\guill\OneDrive\Desktop\poker-ontology\resultados\instancias_divididas\barajas_31_rangos\resultado_baraja_31r_16p\baraja_31r_16p_escalera_color_benchmark_20260708_025928.csv,False,False,,266.0,397.0,141877.0,142274.0,1272.0,62.0,16.0,True,4.0,0.0,0.0,0.0,4.0,4.0,0.0,0.0,4.0,0.0,142.274
instancias_divididas,31,16,EscaleraColor,JFact (FaCT++),C:\Users\guill\OneDrive\Desktop\poker-ontology\resultados\instancias_divididas\barajas_31_rangos\resultado_baraja_31r_16p\baraja_31r_16p_escalera_color_benchmark_20260708_025928.csv,False,False,,156.0,196.0,65954.0,66150.0,14744.0,62.0,16.0,True,4.0,0.0,0.0,0.0,4.0,4.0,0.0,0.0,4.0,0.0,66.15
instancias_divididas,31,16,EscaleraColor,Openllet (Pellet),C:\Users\guill\OneDrive\Desktop\poker-ontology\resultados\instancias_divididas\barajas_31_rangos\resultado_baraja_31r_16p\baraja_31r_16p_escalera_color_benchmark_20260708_025928.csv,True,False,,,,,,,,,False,,,,,,,,,,,
instancias_divididas,31,16,EscaleraReal,HermiT,C:\Users\guill\OneDrive\Desktop\poker-ontology\resultados\instancias_divididas\barajas_31_rangos\resultado_baraja_31r_16p\baraja_31r_16p_escalera_real_benchmark_20260708_030329.csv,False,False,,306.0,492.0,21232.0,21724.0,1258.0,62.0,20.0,True,4.0,0.0,0.0,0.0,4.0,4.0,0.0,0.0,4.0,4.0,21.724
instancias_divididas,31,16,EscaleraReal,JFact (FaCT++),C:\Users\guill\OneDrive\Desktop\poker-ontology\resultados\instancias_divididas\barajas_31_rangos\resultado_baraja_31r_16p\baraja_31r_16p_escalera_real_benchmark_20260708_030329.csv,False,False,,108.0,175.0,12671.0,12846.0,8968.0,62.0,20.0,True,4.0,0.0,0.0,0.0,4.0,4.0,0.0,0.0,4.0,4.0,12.846
instancias_divididas,31,16,EscaleraReal,Openllet (Pellet),C:\Users\guill\OneDrive\Desktop\poker-ontology\resultados\instancias_divididas\barajas_31_rangos\resultado_baraja_31r_16p\baraja_31r_16p_escalera_real_benchmark_20260708_030329.csv,True,False,,,,,,,,,False,,,,,,,,,,,
instancias_divididas,31,16,Full,HermiT,C:\Users\guill\OneDrive\Desktop\poker-ontology\resultados\instancias_divididas\barajas_31_rangos\resultado_baraja_31r_16p\baraja_31r_16p_full_benchmark_20260708_025124.csv,False,False,,287.0,409.0,84270.0,84679.0,1283.0,62.0,20.0,True,4.0,4.0,4.0,4.0,0.0,0.0,4.0,0.0,0.0,0.0,84.679
instancias_divididas,31,16,Full,JFact (FaCT++),C:\Users\guill\OneDrive\Desktop\poker-ontology\resultados\instancias_divididas\barajas_31_rangos\resultado_baraja_31r_16p\baraja_31r_16p_full_benchmark_20260708_025124.csv,False,False,,111.0,181.0,41093.0,41274.0,14745.0,62.0,20.0,True,4.0,4.0,4.0,4.0,0.0,0.0,4.0,0.0,0.0,0.0,41.274
instancias_divididas,31,16,Full,Openllet (Pellet),C:\Users\guill\OneDrive\Desktop\poker-ontology\resultados\instancias_divididas\barajas_31_rangos\resultado_baraja_31r_16p\baraja_31r_16p_full_benchmark_20260708_025124.csv,True,False,,,,,,,,,False,,,,,,,,,,,
instancias_divididas,31,16,Par,HermiT,C:\Users\guill\OneDrive\Desktop\poker-ontology\resultados\instancias_divididas\barajas_31_rangos\resultado_baraja_31r_16p\baraja_31r_16p_par_benchmark_20260708_024051.csv,False,False,,296.0,494.0,84192.0,84686.0,1267.0,62.0,8.0,True,4.0,4.0,0.0,0.0,0.0,0.0,0.0,0.0,0.0,0.0,84.686
instancias_divididas,31,16,Par,JFact (FaCT++),C:\Users\guill\OneDrive\Desktop\poker-ontology\resultados\instancias_divididas\barajas_31_rangos\resultado_baraja_31r_16p\baraja_31r_16p_par_benchmark_20260708_024051.csv,False,False,,163.0,175.0,45914.0,46089.0,14745.0,62.0,8.0,True,4.0,4.0,0.0,0.0,0.0,0.0,0.0,0.0,0.0,0.0,46.089
instancias_divididas,31,16,Par,Openllet (Pellet),C:\Users\guill\OneDrive\Desktop\poker-ontology\resultados\instancias_divididas\barajas_31_rangos\resultado_baraja_31r_16p\baraja_31r_16p_par_benchmark_20260708_024051.csv,True,False,,,,,,,,,False,,,,,,,,,,,
instancias_divididas,31,16,Poker,HermiT,C:\Users\guill\OneDrive\Desktop\poker-ontology\resultados\instancias_divididas\barajas_31_rangos\resultado_baraja_31r_16p\baraja_31r_16p_poker_benchmark_20260708_025403.csv,False,False,,295.0,383.0,233785.0,234168.0,1834.0,62.0,16.0,True,4.0,4.0,0.0,4.0,0.0,0.0,0.0,4.0,0.0,0.0,234.168
instancias_divididas,31,16,Poker,JFact (FaCT++),C:\Users\guill\OneDrive\Desktop\poker-ontology\resultados\instancias_divididas\barajas_31_rangos\resultado_baraja_31r_16p\baraja_31r_16p_poker_benchmark_20260708_025403.csv,False,False,,160.0,118.0,58209.0,58327.0,14745.0,62.0,16.0,True,4.0,4.0,0.0,4.0,0.0,0.0,0.0,4.0,0.0,0.0,58.327
instancias_divididas,31,16,Poker,Openllet (Pellet),C:\Users\guill\OneDrive\Desktop\poker-ontology\resultados\instancias_divididas\barajas_31_rangos\resultado_baraja_31r_16p\baraja_31r_16p_poker_benchmark_20260708_025403.csv,True,False,,,,,,,,,False,,,,,,,,,,,
instancias_divididas,31,16,Trio,HermiT,C:\Users\guill\OneDrive\Desktop\poker-ontology\resultados\instancias_divididas\barajas_31_rangos\resultado_baraja_31r_16p\baraja_31r_16p_trio_benchmark_20260708_024334.csv,False,False,,289.0,491.0,88407.0,88898.0,1274.0,62.0,12.0,True,4.0,4.0,0.0,4.0,0.0,0.0,0.0,0.0,0.0,0.0,88.898
instancias_divididas,31,16,Trio,JFact (FaCT++),C:\Users\guill\OneDrive\Desktop\poker-ontology\resultados\instancias_divididas\barajas_31_rangos\resultado_baraja_31r_16p\baraja_31r_16p_trio_benchmark_20260708_024334.csv,False,False,,100.0,186.0,62127.0,62313.0,14745.0,62.0,12.0,True,4.0,4.0,0.0,4.0,0.0,0.0,0.0,0.0,0.0,0.0,62.313
instancias_divididas,31,16,Trio,Openllet (Pellet),C:\Users\guill\OneDrive\Desktop\poker-ontology\resultados\instancias_divididas\barajas_31_rangos\resultado_baraja_31r_16p\baraja_31r_16p_trio_benchmark_20260708_024334.csv,True,False,,,,,,,,,False,,,,,,,,,,,
instancias_divididas,31,4,CartaAlta,HermiT,C:\Users\guill\OneDrive\Desktop\poker-ontology\resultados\instancias_divididas\barajas_31_rangos\resultado_baraja_31r_4p\baraja_31r_4p_carta_alta_benchmark_20260708_143938.csv,False,False,,166.0,239.0,23299.0,23538.0,726.0,50.0,4.0,True,4.0,0.0,0.0,0.0,0.0,0.0,0.0,0.0,0.0,0.0,23.538
instancias_divididas,31,4,CartaAlta,JFact (FaCT++),C:\Users\guill\OneDrive\Desktop\poker-ontology\resultados\instancias_divididas\barajas_31_rangos\resultado_baraja_31r_4p\baraja_31r_4p_carta_alta_benchmark_20260708_143938.csv,True,False,,,,,,,,,False,,,,,,,,,,,
instancias_divididas,31,4,CartaAlta,Openllet (Pellet),C:\Users\guill\OneDrive\Desktop\poker-ontology\resultados\instancias_divididas\barajas_31_rangos\resultado_baraja_31r_4p\baraja_31r_4p_carta_alta_benchmark_20260708_143938.csv,True,False,,,,,,,,,False,,,,,,,,,,,
instancias_divididas,31,4,Color,HermiT,C:\Users\guill\OneDrive\Desktop\poker-ontology\resultados\instancias_divididas\barajas_31_rangos\resultado_baraja_31r_4p\baraja_31r_4p_color_benchmark_20260708_152636.csv,False,False,,185.0,308.0,95658.0,95966.0,1249.0,50.0,8.0,True,4.0,0.0,0.0,0.0,0.0,4.0,0.0,0.0,0.0,0.0,95.966
instancias_divididas,31,4,Color,JFact (FaCT++),C:\Users\guill\OneDrive\Desktop\poker-ontology\resultados\instancias_divididas\barajas_31_rangos\resultado_baraja_31r_4p\baraja_31r_4p_color_benchmark_20260708_152636.csv,False,False,,71.0,115.0,6549.0,6664.0,2253.0,50.0,8.0,True,4.0,0.0,0.0,0.0,0.0,4.0,0.0,0.0,0.0,0.0,6.664
instancias_divididas,31,4,Color,Openllet (Pellet),C:\Users\guill\OneDrive\Desktop\poker-ontology\resultados\instancias_divididas\barajas_31_rangos\resultado_baraja_31r_4p\baraja_31r_4p_color_benchmark_20260708_152636.csv,True,False,,,,,,,,,False,,,,,,,,,,,
instancias_divididas,31,4,DoblePar,HermiT,C:\Users\guill\OneDrive\Desktop\poker-ontology\resultados\instancias_divididas\barajas_31_rangos\resultado_baraja_31r_4p\baraja_31r_4p_doble_par_benchmark_20260708_145033.csv,False,False,,194.0,284.0,30593.0,30877.0,822.0,50.0,12.0,True,4.0,4.0,4.0,0.0,0.0,0.0,0.0,0.0,0.0,0.0,30.877
instancias_divididas,31,4,DoblePar,JFact (FaCT++),C:\Users\guill\OneDrive\Desktop\poker-ontology\resultados\instancias_divididas\barajas_31_rangos\resultado_baraja_31r_4p\baraja_31r_4p_doble_par_benchmark_20260708_145033.csv,True,False,,,,,,,,,False,,,,,,,,,,,
instancias_divididas,31,4,DoblePar,Openllet (Pellet),C:\Users\guill\OneDrive\Desktop\poker-ontology\resultados\instancias_divididas\barajas_31_rangos\resultado_baraja_31r_4p\baraja_31r_4p_doble_par_benchmark_20260708_145033.csv,True,False,,,,,,,,,False,,,,,,,,,,,
instancias_divididas,31,4,Escalera,HermiT,C:\Users\guill\OneDrive\Desktop\poker-ontology\resultados\instancias_divididas\barajas_31_rangos\resultado_baraja_31r_4p\baraja_31r_4p_escalera_benchmark_20260708_151524.csv,False,False,,159.0,327.0,39830.0,40157.0,1246.0,50.0,8.0,True,4.0,0.0,0.0,0.0,4.0,0.0,0.0,0.0,0.0,0.0,40.157
instancias_divididas,31,4,Escalera,JFact (FaCT++),C:\Users\guill\OneDrive\Desktop\poker-ontology\resultados\instancias_divididas\barajas_31_rangos\resultado_baraja_31r_4p\baraja_31r_4p_escalera_benchmark_20260708_151524.csv,True,False,,,,,,,,,False,,,,,,,,,,,
instancias_divididas,31,4,Escalera,Openllet (Pellet),C:\Users\guill\OneDrive\Desktop\poker-ontology\resultados\instancias_divididas\barajas_31_rangos\resultado_baraja_31r_4p\baraja_31r_4p_escalera_benchmark_20260708_151524.csv,True,False,,,,,,,,,False,,,,,,,,,,,
instancias_divididas,31,4,EscaleraColor,HermiT,C:\Users\guill\OneDrive\Desktop\poker-ontology\resultados\instancias_divididas\barajas_31_rangos\resultado_baraja_31r_4p\baraja_31r_4p_escalera_color_benchmark_20260708_155703.csv,False,False,,180.0,307.0,122575.0,122882.0,1367.0,50.0,16.0,True,4.0,0.0,0.0,0.0,4.0,4.0,0.0,0.0,4.0,0.0,122.882
instancias_divididas,31,4,EscaleraColor,JFact (FaCT++),C:\Users\guill\OneDrive\Desktop\poker-ontology\resultados\instancias_divididas\barajas_31_rangos\resultado_baraja_31r_4p\baraja_31r_4p_escalera_color_benchmark_20260708_155703.csv,False,False,,76.0,75.0,20344.0,20419.0,13388.0,50.0,16.0,True,4.0,0.0,0.0,0.0,4.0,4.0,0.0,0.0,4.0,0.0,20.419
instancias_divididas,31,4,EscaleraColor,Openllet (Pellet),C:\Users\guill\OneDrive\Desktop\poker-ontology\resultados\instancias_divididas\barajas_31_rangos\resultado_baraja_31r_4p\baraja_31r_4p_escalera_color_benchmark_20260708_155703.csv,True,False,,,,,,,,,False,,,,,,,,,,,
instancias_divididas,31,4,EscaleraReal,HermiT,C:\Users\guill\OneDrive\Desktop\poker-ontology\resultados\instancias_divididas\barajas_31_rangos\resultado_baraja_31r_4p\baraja_31r_4p_escalera_real_benchmark_20260708_155959.csv,False,False,,162.0,278.0,9676.0,9954.0,470.0,50.0,20.0,True,4.0,0.0,0.0,0.0,4.0,4.0,0.0,0.0,4.0,4.0,9.954
instancias_divididas,31,4,EscaleraReal,JFact (FaCT++),C:\Users\guill\OneDrive\Desktop\poker-ontology\resultados\instancias_divididas\barajas_31_rangos\resultado_baraja_31r_4p\baraja_31r_4p_escalera_real_benchmark_20260708_155959.csv,False,False,,83.0,99.0,30522.0,30621.0,14731.0,50.0,20.0,True,4.0,0.0,0.0,0.0,4.0,4.0,0.0,0.0,4.0,4.0,30.621
instancias_divididas,31,4,EscaleraReal,Openllet (Pellet),C:\Users\guill\OneDrive\Desktop\poker-ontology\resultados\instancias_divididas\barajas_31_rangos\resultado_baraja_31r_4p\baraja_31r_4p_escalera_real_benchmark_20260708_155959.csv,True,False,,,,,,,,,False,,,,,,,,,,,
instancias_divididas,31,4,Full,HermiT,C:\Users\guill\OneDrive\Desktop\poker-ontology\resultados\instancias_divididas\barajas_31_rangos\resultado_baraja_31r_4p\baraja_31r_4p_full_benchmark_20260708_152851.csv,False,False,,162.0,275.0,63132.0,63407.0,1248.0,50.0,20.0,True,4.0,4.0,4.0,4.0,0.0,0.0,4.0,0.0,0.0,0.0,63.407
instancias_divididas,31,4,Full,JFact (FaCT++),C:\Users\guill\OneDrive\Desktop\poker-ontology\resultados\instancias_divididas\barajas_31_rangos\resultado_baraja_31r_4p\baraja_31r_4p_full_benchmark_20260708_152851.csv,True,False,,,,,,,,,False,,,,,,,,,,,
instancias_divididas,31,4,Full,Openllet (Pellet),C:\Users\guill\OneDrive\Desktop\poker-ontology\resultados\instancias_divididas\barajas_31_rangos\resultado_baraja_31r_4p\baraja_31r_4p_full_benchmark_20260708_152851.csv,True,False,,,,,,,,,False,,,,,,,,,,,
instancias_divididas,31,4,Par,HermiT,C:\Users\guill\OneDrive\Desktop\poker-ontology\resultados\instancias_divididas\barajas_31_rangos\resultado_baraja_31r_4p\baraja_31r_4p_par_benchmark_20260708_150136.csv,False,False,,220.0,255.0,25012.0,25267.0,774.0,50.0,8.0,True,4.0,4.0,0.0,0.0,0.0,0.0,0.0,0.0,0.0,0.0,25.267
instancias_divididas,31,4,Par,JFact (FaCT++),C:\Users\guill\OneDrive\Desktop\poker-ontology\resultados\instancias_divididas\barajas_31_rangos\resultado_baraja_31r_4p\baraja_31r_4p_par_benchmark_20260708_150136.csv,True,False,,,,,,,,,False,,,,,,,,,,,
instancias_divididas,31,4,Par,Openllet (Pellet),C:\Users\guill\OneDrive\Desktop\poker-ontology\resultados\instancias_divididas\barajas_31_rangos\resultado_baraja_31r_4p\baraja_31r_4p_par_benchmark_20260708_150136.csv,True,False,,,,,,,,,False,,,,,,,,,,,
instancias_divididas,31,4,Poker,HermiT,C:\Users\guill\OneDrive\Desktop\poker-ontology\resultados\instancias_divididas\barajas_31_rangos\resultado_baraja_31r_4p\baraja_31r_4p_poker_benchmark_20260708_154026.csv,False,False,,194.0,266.0,365076.0,365342.0,7285.0,50.0,16.0,True,4.0,4.0,0.0,4.0,0.0,0.0,0.0,4.0,0.0,0.0,365.342
instancias_divididas,31,4,Poker,JFact (FaCT++),C:\Users\guill\OneDrive\Desktop\poker-ontology\resultados\instancias_divididas\barajas_31_rangos\resultado_baraja_31r_4p\baraja_31r_4p_poker_benchmark_20260708_154026.csv,True,False,,,,,,,,,False,,,,,,,,,,,
instancias_divididas,31,4,Poker,Openllet (Pellet),C:\Users\guill\OneDrive\Desktop\poker-ontology\resultados\instancias_divididas\barajas_31_rangos\resultado_baraja_31r_4p\baraja_31r_4p_poker_benchmark_20260708_154026.csv,True,False,,,,,,,,,False,,,,,,,,,,,
instancias_divididas,31,4,Trio,HermiT,C:\Users\guill\OneDrive\Desktop\poker-ontology\resultados\instancias_divididas\barajas_31_rangos\resultado_baraja_31r_4p\baraja_31r_4p_trio_benchmark_20260708_151234.csv,False,False,,172.0,327.0,92518.0,92845.0,1248.0,50.0,12.0,True,4.0,4.0,0.0,4.0,0.0,0.0,0.0,0.0,0.0,0.0,92.845
instancias_divididas,31,4,Trio,JFact (FaCT++),C:\Users\guill\OneDrive\Desktop\poker-ontology\resultados\instancias_divididas\barajas_31_rangos\resultado_baraja_31r_4p\baraja_31r_4p_trio_benchmark_20260708_151234.csv,False,False,,86.0,87.0,45537.0,45624.0,14733.0,50.0,12.0,True,4.0,4.0,0.0,4.0,0.0,0.0,0.0,0.0,0.0,0.0,45.624
instancias_divididas,31,4,Trio,Openllet (Pellet),C:\Users\guill\OneDrive\Desktop\poker-ontology\resultados\instancias_divididas\barajas_31_rangos\resultado_baraja_31r_4p\baraja_31r_4p_trio_benchmark_20260708_151234.csv,True,False,,,,,,,,,False,,,,,,,,,,,
instancias_divididas,31,8,CartaAlta,HermiT,C:\Users\guill\OneDrive\Desktop\poker-ontology\resultados\instancias_divididas\barajas_31_rangos\resultado_baraja_31r_8p\baraja_31r_8p_carta_alta_benchmark_20260708_133520.csv,False,False,,213.0,275.0,40340.0,40615.0,935.0,54.0,4.0,True,4.0,0.0,0.0,0.0,0.0,0.0,0.0,0.0,0.0,0.0,40.615
instancias_divididas,31,8,CartaAlta,JFact (FaCT++),C:\Users\guill\OneDrive\Desktop\poker-ontology\resultados\instancias_divididas\barajas_31_rangos\resultado_baraja_31r_8p\baraja_31r_8p_carta_alta_benchmark_20260708_133520.csv,False,False,,128.0,124.0,32163.0,32287.0,14734.0,54.0,4.0,True,4.0,0.0,0.0,0.0,0.0,0.0,0.0,0.0,0.0,0.0,32.287
instancias_divididas,31,8,CartaAlta,Openllet (Pellet),C:\Users\guill\OneDrive\Desktop\poker-ontology\resultados\instancias_divididas\barajas_31_rangos\resultado_baraja_31r_8p\baraja_31r_8p_carta_alta_benchmark_20260708_133520.csv,True,False,,,,,,,,,False,,,,,,,,,,,
instancias_divididas,31,8,Color,HermiT,C:\Users\guill\OneDrive\Desktop\poker-ontology\resultados\instancias_divididas\barajas_31_rangos\resultado_baraja_31r_8p\baraja_31r_8p_color_benchmark_20260708_141401.csv,False,False,,191.0,299.0,92362.0,92661.0,1256.0,54.0,8.0,True,4.0,0.0,0.0,0.0,0.0,4.0,0.0,0.0,0.0,0.0,92.661
instancias_divididas,31,8,Color,JFact (FaCT++),C:\Users\guill\OneDrive\Desktop\poker-ontology\resultados\instancias_divididas\barajas_31_rangos\resultado_baraja_31r_8p\baraja_31r_8p_color_benchmark_20260708_141401.csv,False,False,,92.0,91.0,8442.0,8533.0,3631.0,54.0,8.0,True,4.0,0.0,0.0,0.0,0.0,4.0,0.0,0.0,0.0,0.0,8.533
instancias_divididas,31,8,Color,Openllet (Pellet),C:\Users\guill\OneDrive\Desktop\poker-ontology\resultados\instancias_divididas\barajas_31_rangos\resultado_baraja_31r_8p\baraja_31r_8p_color_benchmark_20260708_141401.csv,True,False,,,,,,,,,False,,,,,,,,,,,
instancias_divididas,31,8,DoblePar,HermiT,C:\Users\guill\OneDrive\Desktop\poker-ontology\resultados\instancias_divididas\barajas_31_rangos\resultado_baraja_31r_8p\baraja_31r_8p_doble_par_benchmark_20260708_133705.csv,False,False,,229.0,258.0,47065.0,47323.0,1047.0,54.0,12.0,True,4.0,4.0,4.0,0.0,0.0,0.0,0.0,0.0,0.0,0.0,47.323
instancias_divididas,31,8,DoblePar,JFact (FaCT++),C:\Users\guill\OneDrive\Desktop\poker-ontology\resultados\instancias_divididas\barajas_31_rangos\resultado_baraja_31r_8p\baraja_31r_8p_doble_par_benchmark_20260708_133705.csv,True,False,,,,,,,,,False,,,,,,,,,,,
instancias_divididas,31,8,DoblePar,Openllet (Pellet),C:\Users\guill\OneDrive\Desktop\poker-ontology\resultados\instancias_divididas\barajas_31_rangos\resultado_baraja_31r_8p\baraja_31r_8p_doble_par_benchmark_20260708_133705.csv,True,False,,,,,,,,,False,,,,,,,,,,,
instancias_divididas,31,8,Escalera,HermiT,C:\Users\guill\OneDrive\Desktop\poker-ontology\resultados\instancias_divididas\barajas_31_rangos\resultado_baraja_31r_8p\baraja_31r_8p_escalera_benchmark_20260708_140255.csv,False,False,,241.0,287.0,34063.0,34350.0,1245.0,54.0,8.0,True,4.0,0.0,0.0,0.0,4.0,0.0,0.0,0.0,0.0,0.0,34.35
instancias_divididas,31,8,Escalera,JFact (FaCT++),C:\Users\guill\OneDrive\Desktop\poker-ontology\resultados\instancias_divididas\barajas_31_rangos\resultado_baraja_31r_8p\baraja_31r_8p_escalera_benchmark_20260708_140255.csv,True,False,,,,,,,,,False,,,,,,,,,,,
instancias_divididas,31,8,Escalera,Openllet (Pellet),C:\Users\guill\OneDrive\Desktop\poker-ontology\resultados\instancias_divididas\barajas_31_rangos\resultado_baraja_31r_8p\baraja_31r_8p_escalera_benchmark_20260708_140255.csv,True,False,,,,,,,,,False,,,,,,,,,,,
instancias_divididas,31,8,EscaleraColor,HermiT,C:\Users\guill\OneDrive\Desktop\poker-ontology\resultados\instancias_divididas\barajas_31_rangos\resultado_baraja_31r_8p\baraja_31r_8p_escalera_color_benchmark_20260708_143312.csv,False,False,,231.0,305.0,193045.0,193350.0,2412.0,54.0,16.0,True,4.0,0.0,0.0,0.0,4.0,4.0,0.0,0.0,4.0,0.0,193.35
instancias_divididas,31,8,EscaleraColor,JFact (FaCT++),C:\Users\guill\OneDrive\Desktop\poker-ontology\resultados\instancias_divididas\barajas_31_rangos\resultado_baraja_31r_8p\baraja_31r_8p_escalera_color_benchmark_20260708_143312.csv,False,False,,103.0,158.0,44814.0,44972.0,14736.0,54.0,16.0,True,4.0,0.0,0.0,0.0,4.0,4.0,0.0,0.0,4.0,0.0,44.972
instancias_divididas,31,8,EscaleraColor,Openllet (Pellet),C:\Users\guill\OneDrive\Desktop\poker-ontology\resultados\instancias_divididas\barajas_31_rangos\resultado_baraja_31r_8p\baraja_31r_8p_escalera_color_benchmark_20260708_143312.csv,True,False,,,,,,,,,False,,,,,,,,,,,
instancias_divididas,31,8,EscaleraReal,HermiT,C:\Users\guill\OneDrive\Desktop\poker-ontology\resultados\instancias_divididas\barajas_31_rangos\resultado_baraja_31r_8p\baraja_31r_8p_escalera_real_benchmark_20260708_143742.csv,False,False,,238.0,256.0,12073.0,12329.0,583.0,54.0,20.0,True,4.0,0.0,0.0,0.0,4.0,4.0,0.0,0.0,4.0,4.0,12.329
instancias_divididas,31,8,EscaleraReal,JFact (FaCT++),C:\Users\guill\OneDrive\Desktop\poker-ontology\resultados\instancias_divididas\barajas_31_rangos\resultado_baraja_31r_8p\baraja_31r_8p_escalera_real_benchmark_20260708_143742.csv,False,False,,120.0,114.0,32164.0,32278.0,14734.0,54.0,20.0,True,4.0,0.0,0.0,0.0,4.0,4.0,0.0,0.0,4.0,4.0,32.278
instancias_divididas,31,8,EscaleraReal,Openllet (Pellet),C:\Users\guill\OneDrive\Desktop\poker-ontology\resultados\instancias_divididas\barajas_31_rangos\resultado_baraja_31r_8p\baraja_31r_8p_escalera_real_benchmark_20260708_143742.csv,True,False,,,,,,,,,False,,,,,,,,,,,
instancias_divididas,31,8,Full,HermiT,C:\Users\guill\OneDrive\Desktop\poker-ontology\resultados\instancias_divididas\barajas_31_rangos\resultado_baraja_31r_8p\baraja_31r_8p_full_benchmark_20260708_141614.csv,False,False,,254.0,275.0,82758.0,83033.0,1242.0,54.0,20.0,True,4.0,4.0,4.0,4.0,0.0,0.0,4.0,0.0,0.0,0.0,83.033
instancias_divididas,31,8,Full,JFact (FaCT++),C:\Users\guill\OneDrive\Desktop\poker-ontology\resultados\instancias_divididas\barajas_31_rangos\resultado_baraja_31r_8p\baraja_31r_8p_full_benchmark_20260708_141614.csv,False,False,,119.0,108.0,70151.0,70259.0,14735.0,54.0,20.0,True,4.0,4.0,4.0,4.0,0.0,0.0,4.0,0.0,0.0,0.0,70.259
instancias_divididas,31,8,Full,Openllet (Pellet),C:\Users\guill\OneDrive\Desktop\poker-ontology\resultados\instancias_divididas\barajas_31_rangos\resultado_baraja_31r_8p\baraja_31r_8p_full_benchmark_20260708_141614.csv,True,False,,,,,,,,,False,,,,,,,,,,,
instancias_divididas,31,8,Par,HermiT,C:\Users\guill\OneDrive\Desktop\poker-ontology\resultados\instancias_divididas\barajas_31_rangos\resultado_baraja_31r_8p\baraja_31r_8p_par_benchmark_20260708_134825.csv,False,False,,211.0,287.0,49325.0,49612.0,1031.0,54.0,8.0,True,4.0,4.0,0.0,0.0,0.0,0.0,0.0,0.0,0.0,0.0,49.612
instancias_divididas,31,8,Par,JFact (FaCT++),C:\Users\guill\OneDrive\Desktop\poker-ontology\resultados\instancias_divididas\barajas_31_rangos\resultado_baraja_31r_8p\baraja_31r_8p_par_benchmark_20260708_134825.csv,False,False,,87.0,106.0,50353.0,50459.0,14734.0,54.0,8.0,True,4.0,4.0,0.0,0.0,0.0,0.0,0.0,0.0,0.0,0.0,50.459
instancias_divididas,31,8,Par,Openllet (Pellet),C:\Users\guill\OneDrive\Desktop\poker-ontology\resultados\instancias_divididas\barajas_31_rangos\resultado_baraja_31r_8p\baraja_31r_8p_par_benchmark_20260708_134825.csv,True,False,,,,,,,,,False,,,,,,,,,,,
instancias_divididas,31,8,Poker,HermiT,C:\Users\guill\OneDrive\Desktop\poker-ontology\resultados\instancias_divididas\barajas_31_rangos\resultado_baraja_31r_8p\baraja_31r_8p_poker_benchmark_20260708_141920.csv,False,False,,198.0,310.0,199267.0,199577.0,1802.0,54.0,16.0,True,4.0,4.0,0.0,4.0,0.0,0.0,0.0,4.0,0.0,0.0,199.577
instancias_divididas,31,8,Poker,JFact (FaCT++),C:\Users\guill\OneDrive\Desktop\poker-ontology\resultados\instancias_divididas\barajas_31_rangos\resultado_baraja_31r_8p\baraja_31r_8p_poker_benchmark_20260708_141920.csv,True,False,,,,,,,,,False,,,,,,,,,,,
instancias_divididas,31,8,Poker,Openllet (Pellet),C:\Users\guill\OneDrive\Desktop\poker-ontology\resultados\instancias_divididas\barajas_31_rangos\resultado_baraja_31r_8p\baraja_31r_8p_poker_benchmark_20260708_141920.csv,True,False,,,,,,,,,False,,,,,,,,,,,
instancias_divididas,31,8,Trio,HermiT,C:\Users\guill\OneDrive\Desktop\poker-ontology\resultados\instancias_divididas\barajas_31_rangos\resultado_baraja_31r_8p\baraja_31r_8p_trio_benchmark_20260708_135037.csv,False,False,,264.0,295.0,104858.0,105153.0,1256.0,54.0,12.0,True,4.0,4.0,0.0,4.0,0.0,0.0,0.0,0.0,0.0,0.0,105.153
instancias_divididas,31,8,Trio,JFact (FaCT++),C:\Users\guill\OneDrive\Desktop\poker-ontology\resultados\instancias_divididas\barajas_31_rangos\resultado_baraja_31r_8p\baraja_31r_8p_trio_benchmark_20260708_135037.csv,True,False,,,,,,,,,False,,,,,,,,,,,
instancias_divididas,31,8,Trio,Openllet (Pellet),C:\Users\guill\OneDrive\Desktop\poker-ontology\resultados\instancias_divididas\barajas_31_rangos\resultado_baraja_31r_8p\baraja_31r_8p_trio_benchmark_20260708_135037.csv,True,False,,,,,,,,,False,,,,,,,,,,,
instancias_divididas,37,12,CartaAlta,HermiT,C:\Users\guill\OneDrive\Desktop\poker-ontology\resultados\instancias_divididas\barajas_37_rangos\resultado_baraja_37r_12p\baraja_37r_12p_carta_alta_benchmark_20260708_001353.csv,False,False,,300.0,415.0,51719.0,52134.0,1262.0,64.0,4.0,True,4.0,0.0,0.0,0.0,0.0,0.0,0.0,0.0,0.0,0.0,52.134
instancias_divididas,37,12,CartaAlta,JFact (FaCT++),C:\Users\guill\OneDrive\Desktop\poker-ontology\resultados\instancias_divididas\barajas_37_rangos\resultado_baraja_37r_12p\baraja_37r_12p_carta_alta_benchmark_20260708_001353.csv,False,False,,167.0,189.0,23966.0,24155.0,14743.0,64.0,4.0,True,4.0,0.0,0.0,0.0,0.0,0.0,0.0,0.0,0.0,0.0,24.155
instancias_divididas,37,12,CartaAlta,Openllet (Pellet),C:\Users\guill\OneDrive\Desktop\poker-ontology\resultados\instancias_divididas\barajas_37_rangos\resultado_baraja_37r_12p\baraja_37r_12p_carta_alta_benchmark_20260708_001353.csv,True,False,,,,,,,,,False,,,,,,,,,,,
instancias_divididas,37,12,Color,HermiT,C:\Users\guill\OneDrive\Desktop\poker-ontology\resultados\instancias_divididas\barajas_37_rangos\resultado_baraja_37r_12p\baraja_37r_12p_color_benchmark_20260708_002509.csv,False,False,,308.0,354.0,156703.0,157057.0,1281.0,64.0,8.0,True,4.0,0.0,0.0,0.0,0.0,4.0,0.0,0.0,0.0,0.0,157.057
instancias_divididas,37,12,Color,JFact (FaCT++),C:\Users\guill\OneDrive\Desktop\poker-ontology\resultados\instancias_divididas\barajas_37_rangos\resultado_baraja_37r_12p\baraja_37r_12p_color_benchmark_20260708_002509.csv,False,False,,172.0,147.0,13018.0,13165.0,8392.0,64.0,8.0,True,4.0,0.0,0.0,0.0,0.0,4.0,0.0,0.0,0.0,0.0,13.165
instancias_divididas,37,12,Color,Openllet (Pellet),C:\Users\guill\OneDrive\Desktop\poker-ontology\resultados\instancias_divididas\barajas_37_rangos\resultado_baraja_37r_12p\baraja_37r_12p_color_benchmark_20260708_002509.csv,True,False,,,,,,,,,False,,,,,,,,,,,
instancias_divididas,37,12,DoblePar,HermiT,C:\Users\guill\OneDrive\Desktop\poker-ontology\resultados\instancias_divididas\barajas_37_rangos\resultado_baraja_37r_12p\baraja_37r_12p_doble_par_benchmark_20260708_001541.csv,False,False,,269.0,395.0,36070.0,36465.0,1248.0,64.0,12.0,True,4.0,4.0,4.0,0.0,0.0,0.0,0.0,0.0,0.0,0.0,36.465
instancias_divididas,37,12,DoblePar,JFact (FaCT++),C:\Users\guill\OneDrive\Desktop\poker-ontology\resultados\instancias_divididas\barajas_37_rangos\resultado_baraja_37r_12p\baraja_37r_12p_doble_par_benchmark_20260708_001541.csv,False,False,,161.0,196.0,50959.0,51155.0,14743.0,64.0,12.0,True,4.0,4.0,4.0,0.0,0.0,0.0,0.0,0.0,0.0,0.0,51.155
instancias_divididas,37,12,DoblePar,Openllet (Pellet),C:\Users\guill\OneDrive\Desktop\poker-ontology\resultados\instancias_divididas\barajas_37_rangos\resultado_baraja_37r_12p\baraja_37r_12p_doble_par_benchmark_20260708_001541.csv,True,False,,,,,,,,,False,,,,,,,,,,,
instancias_divididas,37,12,Escalera,HermiT,C:\Users\guill\OneDrive\Desktop\poker-ontology\resultados\instancias_divididas\barajas_37_rangos\resultado_baraja_37r_12p\baraja_37r_12p_escalera_benchmark_20260708_002302.csv,False,False,,295.0,407.0,52645.0,53052.0,1270.0,64.0,8.0,True,4.0,0.0,0.0,0.0,4.0,0.0,0.0,0.0,0.0,0.0,53.052
instancias_divididas,37,12,Escalera,JFact (FaCT++),C:\Users\guill\OneDrive\Desktop\poker-ontology\resultados\instancias_divididas\barajas_37_rangos\resultado_baraja_37r_12p\baraja_37r_12p_escalera_benchmark_20260708_002302.csv,False,False,,122.0,184.0,41419.0,41603.0,14742.0,64.0,8.0,True,4.0,0.0,0.0,0.0,4.0,0.0,0.0,0.0,0.0,0.0,41.603
instancias_divididas,37,12,Escalera,Openllet (Pellet),C:\Users\guill\OneDrive\Desktop\poker-ontology\resultados\instancias_divididas\barajas_37_rangos\resultado_baraja_37r_12p\baraja_37r_12p_escalera_benchmark_20260708_002302.csv,True,False,,,,,,,,,False,,,,,,,,,,,
instancias_divididas,37,12,EscaleraColor,HermiT,C:\Users\guill\OneDrive\Desktop\poker-ontology\resultados\instancias_divididas\barajas_37_rangos\resultado_baraja_37r_12p\baraja_37r_12p_escalera_color_benchmark_20260708_003832.csv,False,False,,287.0,394.0,262283.0,262677.0,1649.0,64.0,16.0,True,4.0,0.0,0.0,0.0,4.0,4.0,0.0,0.0,4.0,0.0,262.677
instancias_divididas,37,12,EscaleraColor,JFact (FaCT++),C:\Users\guill\OneDrive\Desktop\poker-ontology\resultados\instancias_divididas\barajas_37_rangos\resultado_baraja_37r_12p\baraja_37r_12p_escalera_color_benchmark_20260708_003832.csv,False,False,,158.0,143.0,117968.0,118111.0,14759.0,64.0,16.0,True,4.0,0.0,0.0,0.0,4.0,4.0,0.0,0.0,4.0,0.0,118.111
instancias_divididas,37,12,EscaleraColor,Openllet (Pellet),C:\Users\guill\OneDrive\Desktop\poker-ontology\resultados\instancias_divididas\barajas_37_rangos\resultado_baraja_37r_12p\baraja_37r_12p_escalera_color_benchmark_20260708_003832.csv,True,False,,,,,,,,,False,,,,,,,,,,,
instancias_divididas,37,12,EscaleraReal,HermiT,C:\Users\guill\OneDrive\Desktop\poker-ontology\resultados\instancias_divididas\barajas_37_rangos\resultado_baraja_37r_12p\baraja_37r_12p_escalera_real_benchmark_20260708_004525.csv,False,False,,297.0,397.0,27791.0,28188.0,1269.0,64.0,20.0,True,4.0,0.0,0.0,0.0,4.0,4.0,0.0,0.0,4.0,4.0,28.188
instancias_divididas,37,12,EscaleraReal,JFact (FaCT++),C:\Users\guill\OneDrive\Desktop\poker-ontology\resultados\instancias_divididas\barajas_37_rangos\resultado_baraja_37r_12p\baraja_37r_12p_escalera_real_benchmark_20260708_004525.csv,False,False,,177.0,114.0,12841.0,12955.0,6583.0,64.0,20.0,True,4.0,0.0,0.0,0.0,4.0,4.0,0.0,0.0,4.0,4.0,12.955
instancias_divididas,37,12,EscaleraReal,Openllet (Pellet),C:\Users\guill\OneDrive\Desktop\poker-ontology\resultados\instancias_divididas\barajas_37_rangos\resultado_baraja_37r_12p\baraja_37r_12p_escalera_real_benchmark_20260708_004525.csv,True,False,,,,,,,,,False,,,,,,,,,,,
instancias_divididas,37,12,Full,HermiT,C:\Users\guill\OneDrive\Desktop\poker-ontology\resultados\instancias_divididas\barajas_37_rangos\resultado_baraja_37r_12p\baraja_37r_12p_full_benchmark_20260708_002831.csv,False,False,,293.0,371.0,90308.0,90679.0,1264.0,64.0,20.0,True,4.0,4.0,4.0,4.0,0.0,0.0,4.0,0.0,0.0,0.0,90.679
instancias_divididas,37,12,Full,JFact (FaCT++),C:\Users\guill\OneDrive\Desktop\poker-ontology\resultados\instancias_divididas\barajas_37_rangos\resultado_baraja_37r_12p\baraja_37r_12p_full_benchmark_20260708_002831.csv,False,False,,166.0,146.0,13855.0,14001.0,9673.0,64.0,20.0,True,4.0,4.0,4.0,4.0,0.0,0.0,4.0,0.0,0.0,0.0,14.001
instancias_divididas,37,12,Full,Openllet (Pellet),C:\Users\guill\OneDrive\Desktop\poker-ontology\resultados\instancias_divididas\barajas_37_rangos\resultado_baraja_37r_12p\baraja_37r_12p_full_benchmark_20260708_002831.csv,True,False,,,,,,,,,False,,,,,,,,,,,
instancias_divididas,37,12,Par,HermiT,C:\Users\guill\OneDrive\Desktop\poker-ontology\resultados\instancias_divididas\barajas_37_rangos\resultado_baraja_37r_12p\baraja_37r_12p_par_benchmark_20260708_001742.csv,False,False,,271.0,398.0,45984.0,46382.0,1247.0,64.0,8.0,True,4.0,4.0,0.0,0.0,0.0,0.0,0.0,0.0,0.0,0.0,46.382
instancias_divididas,37,12,Par,JFact (FaCT++),C:\Users\guill\OneDrive\Desktop\poker-ontology\resultados\instancias_divididas\barajas_37_rangos\resultado_baraja_37r_12p\baraja_37r_12p_par_benchmark_20260708_001742.csv,False,False,,120.0,155.0,44851.0,45006.0,14742.0,64.0,8.0,True,4.0,4.0,0.0,0.0,0.0,0.0,0.0,0.0,0.0,0.0,45.006
instancias_divididas,37,12,Par,Openllet (Pellet),C:\Users\guill\OneDrive\Desktop\poker-ontology\resultados\instancias_divididas\barajas_37_rangos\resultado_baraja_37r_12p\baraja_37r_12p_par_benchmark_20260708_001742.csv,True,False,,,,,,,,,False,,,,,,,,,,,
instancias_divididas,37,12,Poker,HermiT,C:\Users\guill\OneDrive\Desktop\poker-ontology\resultados\instancias_divididas\barajas_37_rangos\resultado_baraja_37r_12p\baraja_37r_12p_poker_benchmark_20260708_003049.csv,False,False,,307.0,394.0,416627.0,417021.0,4790.0,64.0,16.0,True,4.0,4.0,0.0,4.0,0.0,0.0,0.0,4.0,0.0,0.0,417.021
instancias_divididas,37,12,Poker,JFact (FaCT++),C:\Users\guill\OneDrive\Desktop\poker-ontology\resultados\instancias_divididas\barajas_37_rangos\resultado_baraja_37r_12p\baraja_37r_12p_poker_benchmark_20260708_003049.csv,False,False,,113.0,180.0,13422.0,13602.0,13087.0,64.0,16.0,True,4.0,4.0,0.0,4.0,0.0,0.0,0.0,4.0,0.0,0.0,13.602
instancias_divididas,37,12,Poker,Openllet (Pellet),C:\Users\guill\OneDrive\Desktop\poker-ontology\resultados\instancias_divididas\barajas_37_rangos\resultado_baraja_37r_12p\baraja_37r_12p_poker_benchmark_20260708_003049.csv,True,False,,,,,,,,,False,,,,,,,,,,,
instancias_divididas,37,12,Trio,HermiT,C:\Users\guill\OneDrive\Desktop\poker-ontology\resultados\instancias_divididas\barajas_37_rangos\resultado_baraja_37r_12p\baraja_37r_12p_trio_benchmark_20260708_001946.csv,False,False,,299.0,361.0,120251.0,120612.0,1278.0,64.0,12.0,True,4.0,4.0,0.0,4.0,0.0,0.0,0.0,0.0,0.0,0.0,120.612
instancias_divididas,37,12,Trio,JFact (FaCT++),C:\Users\guill\OneDrive\Desktop\poker-ontology\resultados\instancias_divididas\barajas_37_rangos\resultado_baraja_37r_12p\baraja_37r_12p_trio_benchmark_20260708_001946.csv,False,False,,139.0,172.0,42037.0,42209.0,14743.0,64.0,12.0,True,4.0,4.0,0.0,4.0,0.0,0.0,0.0,0.0,0.0,0.0,42.209
instancias_divididas,37,12,Trio,Openllet (Pellet),C:\Users\guill\OneDrive\Desktop\poker-ontology\resultados\instancias_divididas\barajas_37_rangos\resultado_baraja_37r_12p\baraja_37r_12p_trio_benchmark_20260708_001946.csv,True,False,,,,,,,,,False,,,,,,,,,,,
instancias_divididas,37,16,CartaAlta,HermiT,C:\Users\guill\OneDrive\Desktop\poker-ontology\resultados\instancias_divididas\barajas_37_rangos\resultado_baraja_37r_16p\baraja_37r_16p_carta_alta_benchmark_20260707_232001.csv,False,False,,314.0,413.0,57305.0,57718.0,1280.0,68.0,4.0,True,4.0,0.0,0.0,0.0,0.0,0.0,0.0,0.0,0.0,0.0,57.718
instancias_divididas,37,16,CartaAlta,JFact (FaCT++),C:\Users\guill\OneDrive\Desktop\poker-ontology\resultados\instancias_divididas\barajas_37_rangos\resultado_baraja_37r_16p\baraja_37r_16p_carta_alta_benchmark_20260707_232001.csv,False,False,,204.0,192.0,17296.0,17488.0,12061.0,68.0,4.0,True,4.0,0.0,0.0,0.0,0.0,0.0,0.0,0.0,0.0,0.0,17.488
instancias_divididas,37,16,CartaAlta,Openllet (Pellet),C:\Users\guill\OneDrive\Desktop\poker-ontology\resultados\instancias_divididas\barajas_37_rangos\resultado_baraja_37r_16p\baraja_37r_16p_carta_alta_benchmark_20260707_232001.csv,True,False,,,,,,,,,False,,,,,,,,,,,
instancias_divididas,37,16,Color,HermiT,C:\Users\guill\OneDrive\Desktop\poker-ontology\resultados\instancias_divididas\barajas_37_rangos\resultado_baraja_37r_16p\baraja_37r_16p_color_benchmark_20260707_234216.csv,False,False,,329.0,496.0,156010.0,156506.0,1297.0,68.0,8.0,True,4.0,0.0,0.0,0.0,0.0,4.0,0.0,0.0,0.0,0.0,156.506
instancias_divididas,37,16,Color,JFact (FaCT++),C:\Users\guill\OneDrive\Desktop\poker-ontology\resultados\instancias_divididas\barajas_37_rangos\resultado_baraja_37r_16p\baraja_37r_16p_color_benchmark_20260707_234216.csv,False,False,,193.0,165.0,44797.0,44962.0,14751.0,68.0,8.0,True,4.0,0.0,0.0,0.0,0.0,4.0,0.0,0.0,0.0,0.0,44.962
instancias_divididas,37,16,Color,Openllet (Pellet),C:\Users\guill\OneDrive\Desktop\poker-ontology\resultados\instancias_divididas\barajas_37_rangos\resultado_baraja_37r_16p\baraja_37r_16p_color_benchmark_20260707_234216.csv,True,False,,,,,,,,,False,,,,,,,,,,,
instancias_divididas,37,16,DoblePar,HermiT,C:\Users\guill\OneDrive\Desktop\poker-ontology\resultados\instancias_divididas\barajas_37_rangos\resultado_baraja_37r_16p\baraja_37r_16p_doble_par_benchmark_20260707_232149.csv,False,False,,312.0,442.0,35083.0,35525.0,1257.0,68.0,12.0,True,4.0,4.0,4.0,0.0,0.0,0.0,0.0,0.0,0.0,0.0,35.525
instancias_divididas,37,16,DoblePar,JFact (FaCT++),C:\Users\guill\OneDrive\Desktop\poker-ontology\resultados\instancias_divididas\barajas_37_rangos\resultado_baraja_37r_16p\baraja_37r_16p_doble_par_benchmark_20260707_232149.csv,False,False,,126.0,211.0,55726.0,55937.0,14749.0,68.0,12.0,True,4.0,4.0,4.0,0.0,0.0,0.0,0.0,0.0,0.0,0.0,55.937
instancias_divididas,37,16,DoblePar,Openllet (Pellet),C:\Users\guill\OneDrive\Desktop\poker-ontology\resultados\instancias_divididas\barajas_37_rangos\resultado_baraja_37r_16p\baraja_37r_16p_doble_par_benchmark_20260707_232149.csv,True,False,,,,,,,,,False,,,,,,,,,,,
instancias_divididas,37,16,Escalera,HermiT,C:\Users\guill\OneDrive\Desktop\poker-ontology\resultados\instancias_divididas\barajas_37_rangos\resultado_baraja_37r_16p\baraja_37r_16p_escalera_benchmark_20260707_233015.csv,False,False,,287.0,464.0,88656.0,89120.0,1296.0,68.0,8.0,True,4.0,0.0,0.0,0.0,4.0,0.0,0.0,0.0,0.0,0.0,89.12
instancias_divididas,37,16,Escalera,JFact (FaCT++),C:\Users\guill\OneDrive\Desktop\poker-ontology\resultados\instancias_divididas\barajas_37_rangos\resultado_baraja_37r_16p\baraja_37r_16p_escalera_benchmark_20260707_233015.csv,True,False,,,,,,,,,False,,,,,,,,,,,
instancias_divididas,37,16,Escalera,Openllet (Pellet),C:\Users\guill\OneDrive\Desktop\poker-ontology\resultados\instancias_divididas\barajas_37_rangos\resultado_baraja_37r_16p\baraja_37r_16p_escalera_benchmark_20260707_233015.csv,True,False,,,,,,,,,False,,,,,,,,,,,
instancias_divididas,37,16,EscaleraColor,HermiT,C:\Users\guill\OneDrive\Desktop\poker-ontology\resultados\instancias_divididas\barajas_37_rangos\resultado_baraja_37r_16p\baraja_37r_16p_escalera_color_benchmark_20260708_000515.csv,False,False,,320.0,448.0,191004.0,191452.0,1300.0,68.0,16.0,True,4.0,0.0,0.0,0.0,4.0,4.0,0.0,0.0,4.0,0.0,191.452
instancias_divididas,37,16,EscaleraColor,JFact (FaCT++),C:\Users\guill\OneDrive\Desktop\poker-ontology\resultados\instancias_divididas\barajas_37_rangos\resultado_baraja_37r_16p\baraja_37r_16p_escalera_color_benchmark_20260708_000515.csv,False,False,,186.0,197.0,60121.0,60318.0,14750.0,68.0,16.0,True,4.0,0.0,0.0,0.0,4.0,4.0,0.0,0.0,4.0,0.0,60.318
instancias_divididas,37,16,EscaleraColor,Openllet (Pellet),C:\Users\guill\OneDrive\Desktop\poker-ontology\resultados\instancias_divididas\barajas_37_rangos\resultado_baraja_37r_16p\baraja_37r_16p_escalera_color_benchmark_20260708_000515.csv,True,False,,,,,,,,,False,,,,,,,,,,,
instancias_divididas,37,16,EscaleraReal,HermiT,C:\Users\guill\OneDrive\Desktop\poker-ontology\resultados\instancias_divididas\barajas_37_rangos\resultado_baraja_37r_16p\baraja_37r_16p_escalera_real_benchmark_20260708_000959.csv,False,False,,302.0,603.0,26334.0,26937.0,1277.0,68.0,20.0,True,4.0,0.0,0.0,0.0,4.0,4.0,0.0,0.0,4.0,4.0,26.937
instancias_divididas,37,16,EscaleraReal,JFact (FaCT++),C:\Users\guill\OneDrive\Desktop\poker-ontology\resultados\instancias_divididas\barajas_37_rangos\resultado_baraja_37r_16p\baraja_37r_16p_escalera_real_benchmark_20260708_000959.csv,False,False,,191.0,181.0,44951.0,45132.0,14749.0,68.0,20.0,True,4.0,0.0,0.0,0.0,4.0,4.0,0.0,0.0,4.0,4.0,45.132
instancias_divididas,37,16,EscaleraReal,Openllet (Pellet),C:\Users\guill\OneDrive\Desktop\poker-ontology\resultados\instancias_divididas\barajas_37_rangos\resultado_baraja_37r_16p\baraja_37r_16p_escalera_real_benchmark_20260708_000959.csv,True,False,,,,,,,,,False,,,,,,,,,,,
instancias_divididas,37,16,Full,HermiT,C:\Users\guill\OneDrive\Desktop\poker-ontology\resultados\instancias_divididas\barajas_37_rangos\resultado_baraja_37r_16p\baraja_37r_16p_full_benchmark_20260707_234611.csv,False,False,,300.0,436.0,107032.0,107468.0,1295.0,68.0,20.0,True,4.0,4.0,4.0,4.0,0.0,0.0,4.0,0.0,0.0,0.0,107.468
instancias_divididas,37,16,Full,JFact (FaCT++),C:\Users\guill\OneDrive\Desktop\poker-ontology\resultados\instancias_divididas\barajas_37_rangos\resultado_baraja_37r_16p\baraja_37r_16p_full_benchmark_20260707_234611.csv,True,False,,,,,,,,,False,,,,,,,,,,,
instancias_divididas,37,16,Full,Openllet (Pellet),C:\Users\guill\OneDrive\Desktop\poker-ontology\resultados\instancias_divididas\barajas_37_rangos\resultado_baraja_37r_16p\baraja_37r_16p_full_benchmark_20260707_234611.csv,True,False,,,,,,,,,False,,,,,,,,,,,
instancias_divididas,37,16,Par,HermiT,C:\Users\guill\OneDrive\Desktop\poker-ontology\resultados\instancias_divididas\barajas_37_rangos\resultado_baraja_37r_16p\baraja_37r_16p_par_benchmark_20260707_232354.csv,False,False,,311.0,552.0,52203.0,52755.0,1262.0,68.0,8.0,True,4.0,4.0,0.0,0.0,0.0,0.0,0.0,0.0,0.0,0.0,52.755
instancias_divididas,37,16,Par,JFact (FaCT++),C:\Users\guill\OneDrive\Desktop\poker-ontology\resultados\instancias_divididas\barajas_37_rangos\resultado_baraja_37r_16p\baraja_37r_16p_par_benchmark_20260707_232354.csv,False,False,,184.0,157.0,54402.0,54559.0,14749.0,68.0,8.0,True,4.0,4.0,0.0,0.0,0.0,0.0,0.0,0.0,0.0,0.0,54.559
instancias_divididas,37,16,Par,Openllet (Pellet),C:\Users\guill\OneDrive\Desktop\poker-ontology\resultados\instancias_divididas\barajas_37_rangos\resultado_baraja_37r_16p\baraja_37r_16p_par_benchmark_20260707_232354.csv,True,False,,,,,,,,,False,,,,,,,,,,,
instancias_divididas,37,16,Poker,HermiT,C:\Users\guill\OneDrive\Desktop\poker-ontology\resultados\instancias_divididas\barajas_37_rangos\resultado_baraja_37r_16p\baraja_37r_16p_poker_benchmark_20260707_235831.csv,False,False,,299.0,501.0,329322.0,329823.0,1300.0,68.0,16.0,True,4.0,4.0,0.0,4.0,0.0,0.0,0.0,4.0,0.0,0.0,329.823
instancias_divididas,37,16,Poker,JFact (FaCT++),C:\Users\guill\OneDrive\Desktop\poker-ontology\resultados\instancias_divididas\barajas_37_rangos\resultado_baraja_37r_16p\baraja_37r_16p_poker_benchmark_20260707_235831.csv,False,False,,120.0,167.0,41592.0,41759.0,14766.0,68.0,16.0,True,4.0,4.0,0.0,4.0,0.0,0.0,0.0,4.0,0.0,0.0,41.759
instancias_divididas,37,16,Poker,Openllet (Pellet),C:\Users\guill\OneDrive\Desktop\poker-ontology\resultados\instancias_divididas\barajas_37_rangos\resultado_baraja_37r_16p\baraja_37r_16p_poker_benchmark_20260707_235831.csv,True,False,,,,,,,,,False,,,,,,,,,,,
instancias_divididas,37,16,Trio,HermiT,C:\Users\guill\OneDrive\Desktop\poker-ontology\resultados\instancias_divididas\barajas_37_rangos\resultado_baraja_37r_16p\baraja_37r_16p_trio_benchmark_20260707_232615.csv,False,False,,299.0,410.0,120476.0,120886.0,1296.0,68.0,12.0,True,4.0,4.0,0.0,4.0,0.0,0.0,0.0,0.0,0.0,0.0,120.886
instancias_divididas,37,16,Trio,JFact (FaCT++),C:\Users\guill\OneDrive\Desktop\poker-ontology\resultados\instancias_divididas\barajas_37_rangos\resultado_baraja_37r_16p\baraja_37r_16p_trio_benchmark_20260707_232615.csv,False,False,,190.0,184.0,86036.0,86220.0,14749.0,68.0,12.0,True,4.0,4.0,0.0,4.0,0.0,0.0,0.0,0.0,0.0,0.0,86.22
instancias_divididas,37,16,Trio,Openllet (Pellet),C:\Users\guill\OneDrive\Desktop\poker-ontology\resultados\instancias_divididas\barajas_37_rangos\resultado_baraja_37r_16p\baraja_37r_16p_trio_benchmark_20260707_232615.csv,True,False,,,,,,,,,False,,,,,,,,,,,
instancias_divididas,37,4,CartaAlta,HermiT,C:\Users\guill\OneDrive\Desktop\poker-ontology\resultados\instancias_divididas\barajas_37_rangos\resultado_baraja_37r_4p\baraja_37r_4p_carta_alta_benchmark_20260708_014017.csv,False,False,,225.0,346.0,18368.0,18714.0,823.0,56.0,4.0,True,4.0,0.0,0.0,0.0,0.0,0.0,0.0,0.0,0.0,0.0,18.714
instancias_divididas,37,4,CartaAlta,JFact (FaCT++),C:\Users\guill\OneDrive\Desktop\poker-ontology\resultados\instancias_divididas\barajas_37_rangos\resultado_baraja_37r_4p\baraja_37r_4p_carta_alta_benchmark_20260708_014017.csv,False,False,,109.0,86.0,29960.0,30046.0,14732.0,56.0,4.0,True,4.0,0.0,0.0,0.0,0.0,0.0,0.0,0.0,0.0,0.0,30.046
instancias_divididas,37,4,CartaAlta,Openllet (Pellet),C:\Users\guill\OneDrive\Desktop\poker-ontology\resultados\instancias_divididas\barajas_37_rangos\resultado_baraja_37r_4p\baraja_37r_4p_carta_alta_benchmark_20260708_014017.csv,True,False,,,,,,,,,False,,,,,,,,,,,
instancias_divididas,37,4,Color,HermiT,C:\Users\guill\OneDrive\Desktop\poker-ontology\resultados\instancias_divididas\barajas_37_rangos\resultado_baraja_37r_4p\baraja_37r_4p_color_benchmark_20260708_020853.csv,False,False,,218.0,285.0,100886.0,101171.0,1251.0,56.0,8.0,True,4.0,0.0,0.0,0.0,0.0,4.0,0.0,0.0,0.0,0.0,101.171
instancias_divididas,37,4,Color,JFact (FaCT++),C:\Users\guill\OneDrive\Desktop\poker-ontology\resultados\instancias_divididas\barajas_37_rangos\resultado_baraja_37r_4p\baraja_37r_4p_color_benchmark_20260708_020853.csv,True,False,,,,,,,,,False,,,,,,,,,,,
instancias_divididas,37,4,Color,Openllet (Pellet),C:\Users\guill\OneDrive\Desktop\poker-ontology\resultados\instancias_divididas\barajas_37_rangos\resultado_baraja_37r_4p\baraja_37r_4p_color_benchmark_20260708_020853.csv,True,False,,,,,,,,,False,,,,,,,,,,,
instancias_divididas,37,4,DoblePar,HermiT,C:\Users\guill\OneDrive\Desktop\poker-ontology\resultados\instancias_divididas\barajas_37_rangos\resultado_baraja_37r_4p\baraja_37r_4p_doble_par_benchmark_20260708_014138.csv,False,False,,231.0,248.0,36528.0,36776.0,1015.0,56.0,12.0,True,4.0,4.0,4.0,0.0,0.0,0.0,0.0,0.0,0.0,0.0,36.776
instancias_divididas,37,4,DoblePar,JFact (FaCT++),C:\Users\guill\OneDrive\Desktop\poker-ontology\resultados\instancias_divididas\barajas_37_rangos\resultado_baraja_37r_4p\baraja_37r_4p_doble_par_benchmark_20260708_014138.csv,False,False,,85.0,124.0,59770.0,59894.0,14732.0,56.0,12.0,True,4.0,4.0,4.0,0.0,0.0,0.0,0.0,0.0,0.0,0.0,59.894
instancias_divididas,37,4,DoblePar,Openllet (Pellet),C:\Users\guill\OneDrive\Desktop\poker-ontology\resultados\instancias_divididas\barajas_37_rangos\resultado_baraja_37r_4p\baraja_37r_4p_doble_par_benchmark_20260708_014138.csv,True,False,,,,,,,,,False,,,,,,,,,,,
instancias_divididas,37,4,Escalera,HermiT,C:\Users\guill\OneDrive\Desktop\poker-ontology\resultados\instancias_divididas\barajas_37_rangos\resultado_baraja_37r_4p\baraja_37r_4p_escalera_benchmark_20260708_020717.csv,False,False,,202.0,343.0,38387.0,38730.0,1241.0,56.0,8.0,True,4.0,0.0,0.0,0.0,4.0,0.0,0.0,0.0,0.0,0.0,38.73
instancias_divididas,37,4,Escalera,JFact (FaCT++),C:\Users\guill\OneDrive\Desktop\poker-ontology\resultados\instancias_divididas\barajas_37_rangos\resultado_baraja_37r_4p\baraja_37r_4p_escalera_benchmark_20260708_020717.csv,False,False,,83.0,104.0,24467.0,24571.0,14733.0,56.0,8.0,True,4.0,0.0,0.0,0.0,4.0,0.0,0.0,0.0,0.0,0.0,24.571
instancias_divididas,37,4,Escalera,Openllet (Pellet),C:\Users\guill\OneDrive\Desktop\poker-ontology\resultados\instancias_divididas\barajas_37_rangos\resultado_baraja_37r_4p\baraja_37r_4p_escalera_benchmark_20260708_020717.csv,True,False,,,,,,,,,False,,,,,,,,,,,
instancias_divididas,37,4,EscaleraColor,HermiT,C:\Users\guill\OneDrive\Desktop\poker-ontology\resultados\instancias_divididas\barajas_37_rangos\resultado_baraja_37r_4p\baraja_37r_4p_escalera_color_benchmark_20260708_023030.csv,False,False,,218.0,232.0,201615.0,201847.0,2756.0,56.0,16.0,True,4.0,0.0,0.0,0.0,4.0,4.0,0.0,0.0,4.0,0.0,201.847
instancias_divididas,37,4,EscaleraColor,JFact (FaCT++),C:\Users\guill\OneDrive\Desktop\poker-ontology\resultados\instancias_divididas\barajas_37_rangos\resultado_baraja_37r_4p\baraja_37r_4p_escalera_color_benchmark_20260708_023030.csv,False,False,,111.0,79.0,17769.0,17848.0,7292.0,56.0,16.0,True,4.0,0.0,0.0,0.0,4.0,4.0,0.0,0.0,4.0,0.0,17.848
instancias_divididas,37,4,EscaleraColor,Openllet (Pellet),C:\Users\guill\OneDrive\Desktop\poker-ontology\resultados\instancias_divididas\barajas_37_rangos\resultado_baraja_37r_4p\baraja_37r_4p_escalera_color_benchmark_20260708_023030.csv,True,False,,,,,,,,,False,,,,,,,,,,,
instancias_divididas,37,4,EscaleraReal,HermiT,C:\Users\guill\OneDrive\Desktop\poker-ontology\resultados\instancias_divididas\barajas_37_rangos\resultado_baraja_37r_4p\baraja_37r_4p_escalera_real_benchmark_20260708_023441.csv,False,False,,187.0,325.0,35365.0,35690.0,1241.0,56.0,20.0,True,4.0,0.0,0.0,0.0,4.0,4.0,0.0,0.0,4.0,4.0,35.69
instancias_divididas,37,4,EscaleraReal,JFact (FaCT++),C:\Users\guill\OneDrive\Desktop\poker-ontology\resultados\instancias_divididas\barajas_37_rangos\resultado_baraja_37r_4p\baraja_37r_4p_escalera_real_benchmark_20260708_023441.csv,False,False,,77.0,99.0,23132.0,23231.0,14732.0,56.0,20.0,True,4.0,0.0,0.0,0.0,4.0,4.0,0.0,0.0,4.0,4.0,23.231
instancias_divididas,37,4,EscaleraReal,Openllet (Pellet),C:\Users\guill\OneDrive\Desktop\poker-ontology\resultados\instancias_divididas\barajas_37_rangos\resultado_baraja_37r_4p\baraja_37r_4p_escalera_real_benchmark_20260708_023441.csv,True,False,,,,,,,,,False,,,,,,,,,,,
instancias_divididas,37,4,Full,HermiT,C:\Users\guill\OneDrive\Desktop\poker-ontology\resultados\instancias_divididas\barajas_37_rangos\resultado_baraja_37r_4p\baraja_37r_4p_full_benchmark_20260708_022106.csv,False,False,,224.0,286.0,98903.0,99189.0,1251.0,56.0,20.0,True,4.0,4.0,4.0,4.0,0.0,0.0,4.0,0.0,0.0,0.0,99.189
instancias_divididas,37,4,Full,JFact (FaCT++),C:\Users\guill\OneDrive\Desktop\poker-ontology\resultados\instancias_divididas\barajas_37_rangos\resultado_baraja_37r_4p\baraja_37r_4p_full_benchmark_20260708_022106.csv,False,False,,72.0,81.0,40844.0,40925.0,14732.0,56.0,20.0,True,4.0,4.0,4.0,4.0,0.0,0.0,4.0,0.0,0.0,0.0,40.925
instancias_divididas,37,4,Full,Openllet (Pellet),C:\Users\guill\OneDrive\Desktop\poker-ontology\resultados\instancias_divididas\barajas_37_rangos\resultado_baraja_37r_4p\baraja_37r_4p_full_benchmark_20260708_022106.csv,True,False,,,,,,,,,False,,,,,,,,,,,
instancias_divididas,37,4,Par,HermiT,C:\Users\guill\OneDrive\Desktop\poker-ontology\resultados\instancias_divididas\barajas_37_rangos\resultado_baraja_37r_4p\baraja_37r_4p_par_benchmark_20260708_014347.csv,False,False,,209.0,284.0,36744.0,37028.0,1047.0,56.0,8.0,True,4.0,4.0,0.0,0.0,0.0,0.0,0.0,0.0,0.0,0.0,37.028
instancias_divididas,37,4,Par,JFact (FaCT++),C:\Users\guill\OneDrive\Desktop\poker-ontology\resultados\instancias_divididas\barajas_37_rangos\resultado_baraja_37r_4p\baraja_37r_4p_par_benchmark_20260708_014347.csv,True,False,,,,,,,,,False,,,,,,,,,,,
instancias_divididas,37,4,Par,Openllet (Pellet),C:\Users\guill\OneDrive\Desktop\poker-ontology\resultados\instancias_divididas\barajas_37_rangos\resultado_baraja_37r_4p\baraja_37r_4p_par_benchmark_20260708_014347.csv,True,False,,,,,,,,,False,,,,,,,,,,,
instancias_divididas,37,4,Poker,HermiT,C:\Users\guill\OneDrive\Desktop\poker-ontology\resultados\instancias_divididas\barajas_37_rangos\resultado_baraja_37r_4p\baraja_37r_4p_poker_benchmark_20260708_022358.csv,False,False,,208.0,296.0,287255.0,287551.0,3573.0,56.0,16.0,True,4.0,4.0,0.0,4.0,0.0,0.0,0.0,4.0,0.0,0.0,287.551
instancias_divididas,37,4,Poker,JFact (FaCT++),C:\Users\guill\OneDrive\Desktop\poker-ontology\resultados\instancias_divididas\barajas_37_rangos\resultado_baraja_37r_4p\baraja_37r_4p_poker_benchmark_20260708_022358.csv,False,False,,89.0,96.0,71680.0,71776.0,14732.0,56.0,16.0,True,4.0,4.0,0.0,4.0,0.0,0.0,0.0,4.0,0.0,0.0,71.776
instancias_divididas,37,4,Poker,Openllet (Pellet),C:\Users\guill\OneDrive\Desktop\poker-ontology\resultados\instancias_divididas\barajas_37_rangos\resultado_baraja_37r_4p\baraja_37r_4p_poker_benchmark_20260708_022358.csv,True,False,,,,,,,,,False,,,,,,,,,,,
instancias_divididas,37,4,Trio,HermiT,C:\Users\guill\OneDrive\Desktop\poker-ontology\resultados\instancias_divididas\barajas_37_rangos\resultado_baraja_37r_4p\baraja_37r_4p_trio_benchmark_20260708_015456.csv,False,False,,219.0,295.0,108567.0,108862.0,1251.0,56.0,12.0,True,4.0,4.0,0.0,4.0,0.0,0.0,0.0,0.0,0.0,0.0,108.862
instancias_divididas,37,4,Trio,JFact (FaCT++),C:\Users\guill\OneDrive\Desktop\poker-ontology\resultados\instancias_divididas\barajas_37_rangos\resultado_baraja_37r_4p\baraja_37r_4p_trio_benchmark_20260708_015456.csv,True,False,,,,,,,,,False,,,,,,,,,,,
instancias_divididas,37,4,Trio,Openllet (Pellet),C:\Users\guill\OneDrive\Desktop\poker-ontology\resultados\instancias_divididas\barajas_37_rangos\resultado_baraja_37r_4p\baraja_37r_4p_trio_benchmark_20260708_015456.csv,True,False,,,,,,,,,False,,,,,,,,,,,
instancias_divididas,37,8,CartaAlta,HermiT,C:\Users\guill\OneDrive\Desktop\poker-ontology\resultados\instancias_divididas\barajas_37_rangos\resultado_baraja_37r_8p\baraja_37r_8p_carta_alta_benchmark_20260708_004751.csv,False,False,,229.0,329.0,20609.0,20938.0,967.0,60.0,4.0,True,4.0,0.0,0.0,0.0,0.0,0.0,0.0,0.0,0.0,0.0,20.938
instancias_divididas,37,8,CartaAlta,JFact (FaCT++),C:\Users\guill\OneDrive\Desktop\poker-ontology\resultados\instancias_divididas\barajas_37_rangos\resultado_baraja_37r_8p\baraja_37r_8p_carta_alta_benchmark_20260708_004751.csv,False,False,,134.0,91.0,39087.0,39178.0,14736.0,60.0,4.0,True,4.0,0.0,0.0,0.0,0.0,0.0,0.0,0.0,0.0,0.0,39.178
instancias_divididas,37,8,CartaAlta,Openllet (Pellet),C:\Users\guill\OneDrive\Desktop\poker-ontology\resultados\instancias_divididas\barajas_37_rangos\resultado_baraja_37r_8p\baraja_37r_8p_carta_alta_benchmark_20260708_004751.csv,True,False,,,,,,,,,False,,,,,,,,,,,
instancias_divididas,37,8,Color,HermiT,C:\Users\guill\OneDrive\Desktop\poker-ontology\resultados\instancias_divididas\barajas_37_rangos\resultado_baraja_37r_8p\baraja_37r_8p_color_benchmark_20260708_005833.csv,False,False,,267.0,301.0,146072.0,146373.0,1261.0,60.0,8.0,True,4.0,0.0,0.0,0.0,0.0,4.0,0.0,0.0,0.0,0.0,146.373
instancias_divididas,37,8,Color,JFact (FaCT++),C:\Users\guill\OneDrive\Desktop\poker-ontology\resultados\instancias_divididas\barajas_37_rangos\resultado_baraja_37r_8p\baraja_37r_8p_color_benchmark_20260708_005833.csv,True,False,,,,,,,,,False,,,,,,,,,,,
instancias_divididas,37,8,Color,Openllet (Pellet),C:\Users\guill\OneDrive\Desktop\poker-ontology\resultados\instancias_divididas\barajas_37_rangos\resultado_baraja_37r_8p\baraja_37r_8p_color_benchmark_20260708_005833.csv,True,False,,,,,,,,,False,,,,,,,,,,,
instancias_divididas,37,8,DoblePar,HermiT,C:\Users\guill\OneDrive\Desktop\poker-ontology\resultados\instancias_divididas\barajas_37_rangos\resultado_baraja_37r_8p\baraja_37r_8p_doble_par_benchmark_20260708_004923.csv,False,False,,256.0,311.0,32097.0,32408.0,1111.0,60.0,12.0,True,4.0,4.0,4.0,0.0,0.0,0.0,0.0,0.0,0.0,0.0,32.408
instancias_divididas,37,8,DoblePar,JFact (FaCT++),C:\Users\guill\OneDrive\Desktop\poker-ontology\resultados\instancias_divididas\barajas_37_rangos\resultado_baraja_37r_8p\baraja_37r_8p_doble_par_benchmark_20260708_004923.csv,False,False,,147.0,85.0,43045.0,43130.0,14735.0,60.0,12.0,True,4.0,4.0,4.0,0.0,0.0,0.0,0.0,0.0,0.0,0.0,43.13
instancias_divididas,37,8,DoblePar,Openllet (Pellet),C:\Users\guill\OneDrive\Desktop\poker-ontology\resultados\instancias_divididas\barajas_37_rangos\resultado_baraja_37r_8p\baraja_37r_8p_doble_par_benchmark_20260708_004923.csv,True,False,,,,,,,,,False,,,,,,,,,,,
instancias_divididas,37,8,Escalera,HermiT,C:\Users\guill\OneDrive\Desktop\poker-ontology\resultados\instancias_divididas\barajas_37_rangos\resultado_baraja_37r_8p\baraja_37r_8p_escalera_benchmark_20260708_005608.csv,False,False,,244.0,306.0,43634.0,43940.0,1246.0,60.0,8.0,True,4.0,0.0,0.0,0.0,4.0,0.0,0.0,0.0,0.0,0.0,43.94
instancias_divididas,37,8,Escalera,JFact (FaCT++),C:\Users\guill\OneDrive\Desktop\poker-ontology\resultados\instancias_divididas\barajas_37_rangos\resultado_baraja_37r_8p\baraja_37r_8p_escalera_benchmark_20260708_005608.csv,False,False,,138.0,104.0,69179.0,69283.0,14737.0,60.0,8.0,True,4.0,0.0,0.0,0.0,4.0,0.0,0.0,0.0,0.0,0.0,69.283
instancias_divididas,37,8,Escalera,Openllet (Pellet),C:\Users\guill\OneDrive\Desktop\poker-ontology\resultados\instancias_divididas\barajas_37_rangos\resultado_baraja_37r_8p\baraja_37r_8p_escalera_benchmark_20260708_005608.csv,True,False,,,,,,,,,False,,,,,,,,,,,
instancias_divididas,37,8,EscaleraColor,HermiT,C:\Users\guill\OneDrive\Desktop\poker-ontology\resultados\instancias_divididas\barajas_37_rangos\resultado_baraja_37r_8p\baraja_37r_8p_escalera_color_benchmark_20260708_012346.csv,False,False,,230.0,284.0,203278.0,203562.0,2302.0,60.0,16.0,True,4.0,0.0,0.0,0.0,4.0,4.0,0.0,0.0,4.0,0.0,203.562
instancias_divididas,37,8,EscaleraColor,JFact (FaCT++),C:\Users\guill\OneDrive\Desktop\poker-ontology\resultados\instancias_divididas\barajas_37_rangos\resultado_baraja_37r_8p\baraja_37r_8p_escalera_color_benchmark_20260708_012346.csv,True,False,,,,,,,,,False,,,,,,,,,,,
instancias_divididas,37,8,EscaleraColor,Openllet (Pellet),C:\Users\guill\OneDrive\Desktop\poker-ontology\resultados\instancias_divididas\barajas_37_rangos\resultado_baraja_37r_8p\baraja_37r_8p_escalera_color_benchmark_20260708_012346.csv,True,False,,,,,,,,,False,,,,,,,,,,,
instancias_divididas,37,8,EscaleraReal,HermiT,C:\Users\guill\OneDrive\Desktop\poker-ontology\resultados\instancias_divididas\barajas_37_rangos\resultado_baraja_37r_8p\baraja_37r_8p_escalera_real_benchmark_20260708_013742.csv,False,False,,237.0,335.0,17328.0,17663.0,807.0,60.0,20.0,True,4.0,0.0,0.0,0.0,4.0,4.0,0.0,0.0,4.0,4.0,17.663
instancias_divididas,37,8,EscaleraReal,JFact (FaCT++),C:\Users\guill\OneDrive\Desktop\poker-ontology\resultados\instancias_divididas\barajas_37_rangos\resultado_baraja_37r_8p\baraja_37r_8p_escalera_real_benchmark_20260708_013742.csv,False,False,,108.0,127.0,10092.0,10219.0,4800.0,60.0,20.0,True,4.0,0.0,0.0,0.0,4.0,4.0,0.0,0.0,4.0,4.0,10.219
instancias_divididas,37,8,EscaleraReal,Openllet (Pellet),C:\Users\guill\OneDrive\Desktop\poker-ontology\resultados\instancias_divididas\barajas_37_rangos\resultado_baraja_37r_8p\baraja_37r_8p_escalera_real_benchmark_20260708_013742.csv,True,False,,,,,,,,,False,,,,,,,,,,,
instancias_divididas,37,8,Full,HermiT,C:\Users\guill\OneDrive\Desktop\poker-ontology\resultados\instancias_divididas\barajas_37_rangos\resultado_baraja_37r_8p\baraja_37r_8p_full_benchmark_20260708_011132.csv,False,False,,255.0,293.0,109735.0,110028.0,1261.0,60.0,20.0,True,4.0,4.0,4.0,4.0,0.0,0.0,4.0,0.0,0.0,0.0,110.028
instancias_divididas,37,8,Full,JFact (FaCT++),C:\Users\guill\OneDrive\Desktop\poker-ontology\resultados\instancias_divididas\barajas_37_rangos\resultado_baraja_37r_8p\baraja_37r_8p_full_benchmark_20260708_011132.csv,False,False,,99.0,123.0,57056.0,57179.0,14737.0,60.0,20.0,True,4.0,4.0,4.0,4.0,0.0,0.0,4.0,0.0,0.0,0.0,57.179
instancias_divididas,37,8,Full,Openllet (Pellet),C:\Users\guill\OneDrive\Desktop\poker-ontology\resultados\instancias_divididas\barajas_37_rangos\resultado_baraja_37r_8p\baraja_37r_8p_full_benchmark_20260708_011132.csv,True,False,,,,,,,,,False,,,,,,,,,,,
instancias_divididas,37,8,Par,HermiT,C:\Users\guill\OneDrive\Desktop\poker-ontology\resultados\instancias_divididas\barajas_37_rangos\resultado_baraja_37r_8p\baraja_37r_8p_par_benchmark_20260708_005111.csv,False,False,,255.0,270.0,52545.0,52815.0,1235.0,60.0,8.0,True,4.0,4.0,0.0,0.0,0.0,0.0,0.0,0.0,0.0,0.0,52.815
instancias_divididas,37,8,Par,JFact (FaCT++),C:\Users\guill\OneDrive\Desktop\poker-ontology\resultados\instancias_divididas\barajas_37_rangos\resultado_baraja_37r_8p\baraja_37r_8p_par_benchmark_20260708_005111.csv,False,False,,137.0,95.0,33448.0,33543.0,14736.0,60.0,8.0,True,4.0,4.0,0.0,0.0,0.0,0.0,0.0,0.0,0.0,0.0,33.543
instancias_divididas,37,8,Par,Openllet (Pellet),C:\Users\guill\OneDrive\Desktop\poker-ontology\resultados\instancias_divididas\barajas_37_rangos\resultado_baraja_37r_8p\baraja_37r_8p_par_benchmark_20260708_005111.csv,True,False,,,,,,,,,False,,,,,,,,,,,
instancias_divididas,37,8,Poker,HermiT,C:\Users\guill\OneDrive\Desktop\poker-ontology\resultados\instancias_divididas\barajas_37_rangos\resultado_baraja_37r_8p\baraja_37r_8p_poker_benchmark_20260708_011452.csv,False,False,,262.0,276.0,463331.0,463607.0,8433.0,60.0,16.0,True,4.0,4.0,0.0,4.0,0.0,0.0,0.0,4.0,0.0,0.0,463.607
instancias_divididas,37,8,Poker,JFact (FaCT++),C:\Users\guill\OneDrive\Desktop\poker-ontology\resultados\instancias_divididas\barajas_37_rangos\resultado_baraja_37r_8p\baraja_37r_8p_poker_benchmark_20260708_011452.csv,False,False,,105.0,113.0,38816.0,38929.0,14753.0,60.0,16.0,True,4.0,4.0,0.0,4.0,0.0,0.0,0.0,4.0,0.0,0.0,38.929
instancias_divididas,37,8,Poker,Openllet (Pellet),C:\Users\guill\OneDrive\Desktop\poker-ontology\resultados\instancias_divididas\barajas_37_rangos\resultado_baraja_37r_8p\baraja_37r_8p_poker_benchmark_20260708_011452.csv,True,False,,,,,,,,,False,,,,,,,,,,,
instancias_divididas,37,8,Trio,HermiT,C:\Users\guill\OneDrive\Desktop\poker-ontology\resultados\instancias_divididas\barajas_37_rangos\resultado_baraja_37r_8p\baraja_37r_8p_trio_benchmark_20260708_005310.csv,False,False,,243.0,282.0,108234.0,108516.0,1261.0,60.0,12.0,True,4.0,4.0,0.0,4.0,0.0,0.0,0.0,0.0,0.0,0.0,108.516
instancias_divididas,37,8,Trio,JFact (FaCT++),C:\Users\guill\OneDrive\Desktop\poker-ontology\resultados\instancias_divididas\barajas_37_rangos\resultado_baraja_37r_8p\baraja_37r_8p_trio_benchmark_20260708_005310.csv,False,False,,97.0,122.0,36783.0,36905.0,14737.0,60.0,12.0,True,4.0,4.0,0.0,4.0,0.0,0.0,0.0,0.0,0.0,0.0,36.905
instancias_divididas,37,8,Trio,Openllet (Pellet),C:\Users\guill\OneDrive\Desktop\poker-ontology\resultados\instancias_divididas\barajas_37_rangos\resultado_baraja_37r_8p\baraja_37r_8p_trio_benchmark_20260708_005310.csv,True,False,,,,,,,,,False,,,,,,,,,,,
instancias_divididas,6,12,CartaAlta,HermiT,C:\Users\guill\OneDrive\Desktop\poker-ontology\resultados\instancias_divididas\barajas_6_rangos\resultado_baraja_6r_12p\baraja_6r_12p_carta_alta_benchmark_20260709_010629.csv,False,False,,152.0,153.0,861.0,1014.0,118.0,33.0,4.0,True,4.0,0.0,0.0,0.0,0.0,0.0,0.0,0.0,0.0,0.0,1.014
instancias_divididas,6,12,CartaAlta,JFact (FaCT++),C:\Users\guill\OneDrive\Desktop\poker-ontology\resultados\instancias_divididas\barajas_6_rangos\resultado_baraja_6r_12p\baraja_6r_12p_carta_alta_benchmark_20260709_010629.csv,True,False,,,,,,,,,False,,,,,,,,,,,
instancias_divididas,6,12,CartaAlta,Openllet (Pellet),C:\Users\guill\OneDrive\Desktop\poker-ontology\resultados\instancias_divididas\barajas_6_rangos\resultado_baraja_6r_12p\baraja_6r_12p_carta_alta_benchmark_20260709_010629.csv,True,False,,,,,,,,,False,,,,,,,,,,,
instancias_divididas,6,12,Color,HermiT,C:\Users\guill\OneDrive\Desktop\poker-ontology\resultados\instancias_divididas\barajas_6_rangos\resultado_baraja_6r_12p\baraja_6r_12p_color_benchmark_20260709_015952.csv,False,False,,144.0,166.0,13007.0,13173.0,310.0,33.0,8.0,True,4.0,0.0,0.0,0.0,0.0,4.0,0.0,0.0,0.0,0.0,13.173
instancias_divididas,6,12,Color,JFact (FaCT++),C:\Users\guill\OneDrive\Desktop\poker-ontology\resultados\instancias_divididas\barajas_6_rangos\resultado_baraja_6r_12p\baraja_6r_12p_color_benchmark_20260709_015952.csv,False,False,,65.0,64.0,4325.0,4389.0,1993.0,33.0,8.0,True,4.0,0.0,0.0,0.0,0.0,4.0,0.0,0.0,0.0,0.0,4.389
instancias_divididas,6,12,Color,Openllet (Pellet),C:\Users\guill\OneDrive\Desktop\poker-ontology\resultados\instancias_divididas\barajas_6_rangos\resultado_baraja_6r_12p\baraja_6r_12p_color_benchmark_20260709_015952.csv,True,False,,,,,,,,,False,,,,,,,,,,,
instancias_divididas,6,12,DoblePar,HermiT,C:\Users\guill\OneDrive\Desktop\poker-ontology\resultados\instancias_divididas\barajas_6_rangos\resultado_baraja_6r_12p\baraja_6r_12p_doble_par_benchmark_20260709_011702.csv,False,False,,165.0,168.0,1022.0,1190.0,134.0,33.0,12.0,True,4.0,4.0,4.0,0.0,0.0,0.0,0.0,0.0,0.0,0.0,1.19
instancias_divididas,6,12,DoblePar,JFact (FaCT++),C:\Users\guill\OneDrive\Desktop\poker-ontology\resultados\instancias_divididas\barajas_6_rangos\resultado_baraja_6r_12p\baraja_6r_12p_doble_par_benchmark_20260709_011702.csv,True,False,,,,,,,,,False,,,,,,,,,,,
instancias_divididas,6,12,DoblePar,Openllet (Pellet),C:\Users\guill\OneDrive\Desktop\poker-ontology\resultados\instancias_divididas\barajas_6_rangos\resultado_baraja_6r_12p\baraja_6r_12p_doble_par_benchmark_20260709_011702.csv,True,False,,,,,,,,,False,,,,,,,,,,,
instancias_divididas,6,12,Escalera,HermiT,C:\Users\guill\OneDrive\Desktop\poker-ontology\resultados\instancias_divididas\barajas_6_rangos\resultado_baraja_6r_12p\baraja_6r_12p_escalera_benchmark_20260709_014852.csv,False,False,,143.0,173.0,28839.0,29012.0,358.0,33.0,8.0,True,4.0,0.0,0.0,0.0,4.0,0.0,0.0,0.0,0.0,0.0,29.012
instancias_divididas,6,12,Escalera,JFact (FaCT++),C:\Users\guill\OneDrive\Desktop\poker-ontology\resultados\instancias_divididas\barajas_6_rangos\resultado_baraja_6r_12p\baraja_6r_12p_escalera_benchmark_20260709_014852.csv,True,False,,,,,,,,,False,,,,,,,,,,,
instancias_divididas,6,12,Escalera,Openllet (Pellet),C:\Users\guill\OneDrive\Desktop\poker-ontology\resultados\instancias_divididas\barajas_6_rangos\resultado_baraja_6r_12p\baraja_6r_12p_escalera_benchmark_20260709_014852.csv,True,False,,,,,,,,,False,,,,,,,,,,,
instancias_divididas,6,12,EscaleraColor,HermiT,C:\Users\guill\OneDrive\Desktop\poker-ontology\resultados\instancias_divididas\barajas_6_rangos\resultado_baraja_6r_12p\baraja_6r_12p_escalera_color_benchmark_20260709_022209.csv,False,False,,145.0,159.0,12181.0,12340.0,342.0,33.0,16.0,True,4.0,0.0,0.0,0.0,4.0,4.0,0.0,0.0,4.0,0.0,12.34
instancias_divididas,6,12,EscaleraColor,JFact (FaCT++),C:\Users\guill\OneDrive\Desktop\poker-ontology\resultados\instancias_divididas\barajas_6_rangos\resultado_baraja_6r_12p\baraja_6r_12p_escalera_color_benchmark_20260709_022209.csv,False,False,,74.0,64.0,4147.0,4211.0,1945.0,33.0,16.0,True,4.0,0.0,0.0,0.0,4.0,4.0,0.0,0.0,4.0,0.0,4.211
instancias_divididas,6,12,EscaleraColor,Openllet (Pellet),C:\Users\guill\OneDrive\Desktop\poker-ontology\resultados\instancias_divididas\barajas_6_rangos\resultado_baraja_6r_12p\baraja_6r_12p_escalera_color_benchmark_20260709_022209.csv,True,False,,,,,,,,,False,,,,,,,,,,,
instancias_divididas,6,12,EscaleraReal,HermiT,C:\Users\guill\OneDrive\Desktop\poker-ontology\resultados\instancias_divididas\barajas_6_rangos\resultado_baraja_6r_12p\baraja_6r_12p_escalera_real_benchmark_20260709_022258.csv,False,False,,147.0,162.0,8904.0,9066.0,278.0,33.0,20.0,True,4.0,0.0,0.0,0.0,4.0,4.0,0.0,0.0,4.0,4.0,9.066
instancias_divididas,6,12,EscaleraReal,JFact (FaCT++),C:\Users\guill\OneDrive\Desktop\poker-ontology\resultados\instancias_divididas\barajas_6_rangos\resultado_baraja_6r_12p\baraja_6r_12p_escalera_real_benchmark_20260709_022258.csv,False,False,,57.0,54.0,4406.0,4460.0,2041.0,33.0,20.0,True,4.0,0.0,0.0,0.0,4.0,4.0,0.0,0.0,4.0,4.0,4.46
instancias_divididas,6,12,EscaleraReal,Openllet (Pellet),C:\Users\guill\OneDrive\Desktop\poker-ontology\resultados\instancias_divididas\barajas_6_rangos\resultado_baraja_6r_12p\baraja_6r_12p_escalera_real_benchmark_20260709_022258.csv,True,False,,,,,,,,,False,,,,,,,,,,,
instancias_divididas,6,12,Full,HermiT,C:\Users\guill\OneDrive\Desktop\poker-ontology\resultados\instancias_divididas\barajas_6_rangos\resultado_baraja_6r_12p\baraja_6r_12p_full_benchmark_20260709_020042.csv,False,False,,154.0,139.0,2988.0,3127.0,150.0,33.0,20.0,True,4.0,4.0,4.0,4.0,0.0,0.0,4.0,0.0,0.0,0.0,3.127
instancias_divididas,6,12,Full,JFact (FaCT++),C:\Users\guill\OneDrive\Desktop\poker-ontology\resultados\instancias_divididas\barajas_6_rangos\resultado_baraja_6r_12p\baraja_6r_12p_full_benchmark_20260709_020042.csv,True,False,,,,,,,,,False,,,,,,,,,,,
instancias_divididas,6,12,Full,Openllet (Pellet),C:\Users\guill\OneDrive\Desktop\poker-ontology\resultados\instancias_divididas\barajas_6_rangos\resultado_baraja_6r_12p\baraja_6r_12p_full_benchmark_20260709_020042.csv,True,False,,,,,,,,,False,,,,,,,,,,,
instancias_divididas,6,12,Par,HermiT,C:\Users\guill\OneDrive\Desktop\poker-ontology\resultados\instancias_divididas\barajas_6_rangos\resultado_baraja_6r_12p\baraja_6r_12p_par_benchmark_20260709_012735.csv,False,False,,157.0,175.0,1558.0,1733.0,134.0,33.0,8.0,True,4.0,4.0,0.0,0.0,0.0,0.0,0.0,0.0,0.0,0.0,1.733
instancias_divididas,6,12,Par,JFact (FaCT++),C:\Users\guill\OneDrive\Desktop\poker-ontology\resultados\instancias_divididas\barajas_6_rangos\resultado_baraja_6r_12p\baraja_6r_12p_par_benchmark_20260709_012735.csv,True,False,,,,,,,,,False,,,,,,,,,,,
instancias_divididas,6,12,Par,Openllet (Pellet),C:\Users\guill\OneDrive\Desktop\poker-ontology\resultados\instancias_divididas\barajas_6_rangos\resultado_baraja_6r_12p\baraja_6r_12p_par_benchmark_20260709_012735.csv,True,False,,,,,,,,,False,,,,,,,,,,,
instancias_divididas,6,12,Poker,HermiT,C:\Users\guill\OneDrive\Desktop\poker-ontology\resultados\instancias_divididas\barajas_6_rangos\resultado_baraja_6r_12p\baraja_6r_12p_poker_benchmark_20260709_021117.csv,False,False,,180.0,164.0,20546.0,20710.0,838.0,33.0,16.0,True,4.0,4.0,0.0,4.0,0.0,0.0,0.0,4.0,0.0,0.0,20.71
instancias_divididas,6,12,Poker,JFact (FaCT++),C:\Users\guill\OneDrive\Desktop\poker-ontology\resultados\instancias_divididas\barajas_6_rangos\resultado_baraja_6r_12p\baraja_6r_12p_poker_benchmark_20260709_021117.csv,True,False,,,,,,,,,False,,,,,,,,,,,
instancias_divididas,6,12,Poker,Openllet (Pellet),C:\Users\guill\OneDrive\Desktop\poker-ontology\resultados\instancias_divididas\barajas_6_rangos\resultado_baraja_6r_12p\baraja_6r_12p_poker_benchmark_20260709_021117.csv,True,False,,,,,,,,,False,,,,,,,,,,,
instancias_divididas,6,12,Trio,HermiT,C:\Users\guill\OneDrive\Desktop\poker-ontology\resultados\instancias_divididas\barajas_6_rangos\resultado_baraja_6r_12p\baraja_6r_12p_trio_benchmark_20260709_013809.csv,False,False,,144.0,160.0,10763.0,10923.0,246.0,33.0,12.0,True,4.0,4.0,0.0,4.0,0.0,0.0,0.0,0.0,0.0,0.0,10.923
instancias_divididas,6,12,Trio,JFact (FaCT++),C:\Users\guill\OneDrive\Desktop\poker-ontology\resultados\instancias_divididas\barajas_6_rangos\resultado_baraja_6r_12p\baraja_6r_12p_trio_benchmark_20260709_013809.csv,True,False,,,,,,,,,False,,,,,,,,,,,
instancias_divididas,6,12,Trio,Openllet (Pellet),C:\Users\guill\OneDrive\Desktop\poker-ontology\resultados\instancias_divididas\barajas_6_rangos\resultado_baraja_6r_12p\baraja_6r_12p_trio_benchmark_20260709_013809.csv,True,False,,,,,,,,,False,,,,,,,,,,,
instancias_divididas,6,16,CartaAlta,HermiT,C:\Users\guill\OneDrive\Desktop\poker-ontology\resultados\instancias_divididas\barajas_6_rangos\resultado_baraja_6r_16p\baraja_6r_16p_carta_alta_benchmark_20260708_235653.csv,False,False,,287.0,372.0,31930.0,32302.0,326.0,37.0,4.0,True,4.0,0.0,0.0,0.0,0.0,0.0,0.0,0.0,0.0,0.0,32.302
instancias_divididas,6,16,CartaAlta,JFact (FaCT++),C:\Users\guill\OneDrive\Desktop\poker-ontology\resultados\instancias_divididas\barajas_6_rangos\resultado_baraja_6r_16p\baraja_6r_16p_carta_alta_benchmark_20260708_235653.csv,False,False,,86.0,112.0,4481.0,4593.0,2281.0,37.0,4.0,True,4.0,0.0,0.0,0.0,0.0,0.0,0.0,0.0,0.0,0.0,4.593
instancias_divididas,6,16,CartaAlta,Openllet (Pellet),C:\Users\guill\OneDrive\Desktop\poker-ontology\resultados\instancias_divididas\barajas_6_rangos\resultado_baraja_6r_16p\baraja_6r_16p_carta_alta_benchmark_20260708_235653.csv,True,False,,,,,,,,,False,,,,,,,,,,,
instancias_divididas,6,16,Color,HermiT,C:\Users\guill\OneDrive\Desktop\poker-ontology\resultados\instancias_divididas\barajas_6_rangos\resultado_baraja_6r_16p\baraja_6r_16p_color_benchmark_20260709_004114.csv,False,False,,161.0,244.0,37135.0,37379.0,502.0,37.0,8.0,True,4.0,0.0,0.0,0.0,0.0,4.0,0.0,0.0,0.0,0.0,37.379
instancias_divididas,6,16,Color,JFact (FaCT++),C:\Users\guill\OneDrive\Desktop\poker-ontology\resultados\instancias_divididas\barajas_6_rangos\resultado_baraja_6r_16p\baraja_6r_16p_color_benchmark_20260709_004114.csv,False,False,,65.0,80.0,4687.0,4767.0,2201.0,37.0,8.0,True,4.0,0.0,0.0,0.0,0.0,4.0,0.0,0.0,0.0,0.0,4.767
instancias_divididas,6,16,Color,Openllet (Pellet),C:\Users\guill\OneDrive\Desktop\poker-ontology\resultados\instancias_divididas\barajas_6_rangos\resultado_baraja_6r_16p\baraja_6r_16p_color_benchmark_20260709_004114.csv,True,False,,,,,,,,,False,,,,,,,,,,,
instancias_divididas,6,16,DoblePar,HermiT,C:\Users\guill\OneDrive\Desktop\poker-ontology\resultados\instancias_divididas\barajas_6_rangos\resultado_baraja_6r_16p\baraja_6r_16p_doble_par_benchmark_20260708_235802.csv,False,False,,225.0,202.0,9080.0,9282.0,182.0,37.0,12.0,True,4.0,4.0,4.0,0.0,0.0,0.0,0.0,0.0,0.0,0.0,9.282
instancias_divididas,6,16,DoblePar,JFact (FaCT++),C:\Users\guill\OneDrive\Desktop\poker-ontology\resultados\instancias_divididas\barajas_6_rangos\resultado_baraja_6r_16p\baraja_6r_16p_doble_par_benchmark_20260708_235802.csv,True,False,,,,,,,,,False,,,,,,,,,,,
instancias_divididas,6,16,DoblePar,Openllet (Pellet),C:\Users\guill\OneDrive\Desktop\poker-ontology\resultados\instancias_divididas\barajas_6_rangos\resultado_baraja_6r_16p\baraja_6r_16p_doble_par_benchmark_20260708_235802.csv,True,False,,,,,,,,,False,,,,,,,,,,,
instancias_divididas,6,16,Escalera,HermiT,C:\Users\guill\OneDrive\Desktop\poker-ontology\resultados\instancias_divididas\barajas_6_rangos\resultado_baraja_6r_16p\baraja_6r_16p_escalera_benchmark_20260709_003000.csv,False,False,,157.0,213.0,42004.0,42217.0,454.0,37.0,8.0,True,4.0,0.0,0.0,0.0,4.0,0.0,0.0,0.0,0.0,0.0,42.217
instancias_divididas,6,16,Escalera,JFact (FaCT++),C:\Users\guill\OneDrive\Desktop\poker-ontology\resultados\instancias_divididas\barajas_6_rangos\resultado_baraja_6r_16p\baraja_6r_16p_escalera_benchmark_20260709_003000.csv,True,False,,,,,,,,,False,,,,,,,,,,,
instancias_divididas,6,16,Escalera,Openllet (Pellet),C:\Users\guill\OneDrive\Desktop\poker-ontology\resultados\instancias_divididas\barajas_6_rangos\resultado_baraja_6r_16p\baraja_6r_16p_escalera_benchmark_20260709_003000.csv,True,False,,,,,,,,,False,,,,,,,,,,,
instancias_divididas,6,16,EscaleraColor,HermiT,C:\Users\guill\OneDrive\Desktop\poker-ontology\resultados\instancias_divididas\barajas_6_rangos\resultado_baraja_6r_16p\baraja_6r_16p_escalera_color_benchmark_20260709_010348.csv,False,False,,161.0,230.0,19117.0,19347.0,486.0,37.0,16.0,True,4.0,0.0,0.0,0.0,4.0,4.0,0.0,0.0,4.0,0.0,19.347
instancias_divididas,6,16,EscaleraColor,JFact (FaCT++),C:\Users\guill\OneDrive\Desktop\poker-ontology\resultados\instancias_divididas\barajas_6_rangos\resultado_baraja_6r_16p\baraja_6r_16p_escalera_color_benchmark_20260709_010348.csv,False,False,,78.0,82.0,4398.0,4480.0,2185.0,37.0,16.0,True,4.0,0.0,0.0,0.0,4.0,4.0,0.0,0.0,4.0,0.0,4.48
instancias_divididas,6,16,EscaleraColor,Openllet (Pellet),C:\Users\guill\OneDrive\Desktop\poker-ontology\resultados\instancias_divididas\barajas_6_rangos\resultado_baraja_6r_16p\baraja_6r_16p_escalera_color_benchmark_20260709_010348.csv,True,False,,,,,,,,,False,,,,,,,,,,,
instancias_divididas,6,16,EscaleraReal,HermiT,C:\Users\guill\OneDrive\Desktop\poker-ontology\resultados\instancias_divididas\barajas_6_rangos\resultado_baraja_6r_16p\baraja_6r_16p_escalera_real_benchmark_20260709_010444.csv,False,False,,159.0,222.0,11171.0,11393.0,326.0,37.0,20.0,True,4.0,0.0,0.0,0.0,4.0,4.0,0.0,0.0,4.0,4.0,11.393
instancias_divididas,6,16,EscaleraReal,JFact (FaCT++),C:\Users\guill\OneDrive\Desktop\poker-ontology\resultados\instancias_divididas\barajas_6_rangos\resultado_baraja_6r_16p\baraja_6r_16p_escalera_real_benchmark_20260709_010444.csv,False,False,,83.0,70.0,4660.0,4730.0,2425.0,37.0,20.0,True,4.0,0.0,0.0,0.0,4.0,4.0,0.0,0.0,4.0,4.0,4.73
instancias_divididas,6,16,EscaleraReal,Openllet (Pellet),C:\Users\guill\OneDrive\Desktop\poker-ontology\resultados\instancias_divididas\barajas_6_rangos\resultado_baraja_6r_16p\baraja_6r_16p_escalera_real_benchmark_20260709_010444.csv,True,False,,,,,,,,,False,,,,,,,,,,,
instancias_divididas,6,16,Full,HermiT,C:\Users\guill\OneDrive\Desktop\poker-ontology\resultados\instancias_divididas\barajas_6_rangos\resultado_baraja_6r_16p\baraja_6r_16p_full_benchmark_20260709_004228.csv,False,False,,146.0,194.0,2923.0,3117.0,166.0,37.0,20.0,True,4.0,4.0,4.0,4.0,0.0,0.0,4.0,0.0,0.0,0.0,3.117
instancias_divididas,6,16,Full,JFact (FaCT++),C:\Users\guill\OneDrive\Desktop\poker-ontology\resultados\instancias_divididas\barajas_6_rangos\resultado_baraja_6r_16p\baraja_6r_16p_full_benchmark_20260709_004228.csv,True,False,,,,,,,,,False,,,,,,,,,,,
instancias_divididas,6,16,Full,Openllet (Pellet),C:\Users\guill\OneDrive\Desktop\poker-ontology\resultados\instancias_divididas\barajas_6_rangos\resultado_baraja_6r_16p\baraja_6r_16p_full_benchmark_20260709_004228.csv,True,False,,,,,,,,,False,,,,,,,,,,,
instancias_divididas,6,16,Par,HermiT,C:\Users\guill\OneDrive\Desktop\poker-ontology\resultados\instancias_divididas\barajas_6_rangos\resultado_baraja_6r_16p\baraja_6r_16p_par_benchmark_20260709_000843.csv,False,False,,156.0,205.0,9360.0,9565.0,214.0,37.0,8.0,True,4.0,4.0,0.0,0.0,0.0,0.0,0.0,0.0,0.0,0.0,9.565
instancias_divididas,6,16,Par,JFact (FaCT++),C:\Users\guill\OneDrive\Desktop\poker-ontology\resultados\instancias_divididas\barajas_6_rangos\resultado_baraja_6r_16p\baraja_6r_16p_par_benchmark_20260709_000843.csv,True,False,,,,,,,,,False,,,,,,,,,,,
instancias_divididas,6,16,Par,Openllet (Pellet),C:\Users\guill\OneDrive\Desktop\poker-ontology\resultados\instancias_divididas\barajas_6_rangos\resultado_baraja_6r_16p\baraja_6r_16p_par_benchmark_20260709_000843.csv,True,False,,,,,,,,,False,,,,,,,,,,,
instancias_divididas,6,16,Poker,HermiT,C:\Users\guill\OneDrive\Desktop\poker-ontology\resultados\instancias_divididas\barajas_6_rangos\resultado_baraja_6r_16p\baraja_6r_16p_poker_benchmark_20260709_005303.csv,False,False,,160.0,217.0,12646.0,12863.0,502.0,37.0,16.0,True,4.0,4.0,0.0,4.0,0.0,0.0,0.0,4.0,0.0,0.0,12.863
instancias_divididas,6,16,Poker,JFact (FaCT++),C:\Users\guill\OneDrive\Desktop\poker-ontology\resultados\instancias_divididas\barajas_6_rangos\resultado_baraja_6r_16p\baraja_6r_16p_poker_benchmark_20260709_005303.csv,True,False,,,,,,,,,False,,,,,,,,,,,
instancias_divididas,6,16,Poker,Openllet (Pellet),C:\Users\guill\OneDrive\Desktop\poker-ontology\resultados\instancias_divididas\barajas_6_rangos\resultado_baraja_6r_16p\baraja_6r_16p_poker_benchmark_20260709_005303.csv,True,False,,,,,,,,,False,,,,,,,,,,,
instancias_divididas,6,16,Trio,HermiT,C:\Users\guill\OneDrive\Desktop\poker-ontology\resultados\instancias_divididas\barajas_6_rangos\resultado_baraja_6r_16p\baraja_6r_16p_trio_benchmark_20260709_001925.csv,False,False,,159.0,207.0,3533.0,3740.0,166.0,37.0,12.0,True,4.0,4.0,0.0,4.0,0.0,0.0,0.0,0.0,0.0,0.0,3.74
instancias_divididas,6,16,Trio,JFact (FaCT++),C:\Users\guill\OneDrive\Desktop\poker-ontology\resultados\instancias_divididas\barajas_6_rangos\resultado_baraja_6r_16p\baraja_6r_16p_trio_benchmark_20260709_001925.csv,True,False,,,,,,,,,False,,,,,,,,,,,
instancias_divididas,6,16,Trio,Openllet (Pellet),C:\Users\guill\OneDrive\Desktop\poker-ontology\resultados\instancias_divididas\barajas_6_rangos\resultado_baraja_6r_16p\baraja_6r_16p_trio_benchmark_20260709_001925.csv,True,False,,,,,,,,,False,,,,,,,,,,,
instancias_divididas,6,4,CartaAlta,HermiT,C:\Users\guill\OneDrive\Desktop\poker-ontology\resultados\instancias_divididas\barajas_6_rangos\resultado_baraja_6r_4p\baraja_6r_4p_carta_alta_benchmark_20260709_102700.csv,False,False,,150.0,167.0,819.0,986.0,102.0,25.0,4.0,True,4.0,0.0,0.0,0.0,0.0,0.0,0.0,0.0,0.0,0.0,0.986
instancias_divididas,6,4,CartaAlta,JFact (FaCT++),C:\Users\guill\OneDrive\Desktop\poker-ontology\resultados\instancias_divididas\barajas_6_rangos\resultado_baraja_6r_4p\baraja_6r_4p_carta_alta_benchmark_20260709_102700.csv,True,False,,,,,,,,,False,,,,,,,,,,,
instancias_divididas,6,4,CartaAlta,Openllet (Pellet),C:\Users\guill\OneDrive\Desktop\poker-ontology\resultados\instancias_divididas\barajas_6_rangos\resultado_baraja_6r_4p\baraja_6r_4p_carta_alta_benchmark_20260709_102700.csv,True,False,,,,,,,,,False,,,,,,,,,,,
instancias_divididas,6,4,Color,HermiT,C:\Users\guill\OneDrive\Desktop\poker-ontology\resultados\instancias_divididas\barajas_6_rangos\resultado_baraja_6r_4p\baraja_6r_4p_color_benchmark_20260709_105506.csv,False,False,,129.0,122.0,2743.0,2865.0,134.0,25.0,8.0,True,4.0,0.0,0.0,0.0,0.0,4.0,0.0,0.0,0.0,0.0,2.865
instancias_divididas,6,4,Color,JFact (FaCT++),C:\Users\guill\OneDrive\Desktop\poker-ontology\resultados\instancias_divididas\barajas_6_rangos\resultado_baraja_6r_4p\baraja_6r_4p_color_benchmark_20260709_105506.csv,True,False,,,,,,,,,False,,,,,,,,,,,
instancias_divididas,6,4,Color,Openllet (Pellet),C:\Users\guill\OneDrive\Desktop\poker-ontology\resultados\instancias_divididas\barajas_6_rangos\resultado_baraja_6r_4p\baraja_6r_4p_color_benchmark_20260709_105506.csv,True,False,,,,,,,,,False,,,,,,,,,,,
instancias_divididas,6,4,DoblePar,HermiT,C:\Users\guill\OneDrive\Desktop\poker-ontology\resultados\instancias_divididas\barajas_6_rangos\resultado_baraja_6r_4p\baraja_6r_4p_doble_par_benchmark_20260709_103233.csv,False,False,,128.0,110.0,8617.0,8727.0,182.0,25.0,12.0,True,4.0,4.0,4.0,0.0,0.0,0.0,0.0,0.0,0.0,0.0,8.727
instancias_divididas,6,4,DoblePar,JFact (FaCT++),C:\Users\guill\OneDrive\Desktop\poker-ontology\resultados\instancias_divididas\barajas_6_rangos\resultado_baraja_6r_4p\baraja_6r_4p_doble_par_benchmark_20260709_103233.csv,True,False,,,,,,,,,False,,,,,,,,,,,
instancias_divididas,6,4,DoblePar,Openllet (Pellet),C:\Users\guill\OneDrive\Desktop\poker-ontology\resultados\instancias_divididas\barajas_6_rangos\resultado_baraja_6r_4p\baraja_6r_4p_doble_par_benchmark_20260709_103233.csv,True,False,,,,,,,,,False,,,,,,,,,,,
instancias_divididas,6,4,Escalera,HermiT,C:\Users\guill\OneDrive\Desktop\poker-ontology\resultados\instancias_divididas\barajas_6_rangos\resultado_baraja_6r_4p\baraja_6r_4p_escalera_benchmark_20260709_104927.csv,False,False,,136.0,121.0,6307.0,6428.0,150.0,25.0,8.0,True,4.0,0.0,0.0,0.0,4.0,0.0,0.0,0.0,0.0,0.0,6.428
instancias_divididas,6,4,Escalera,JFact (FaCT++),C:\Users\guill\OneDrive\Desktop\poker-ontology\resultados\instancias_divididas\barajas_6_rangos\resultado_baraja_6r_4p\baraja_6r_4p_escalera_benchmark_20260709_104927.csv,True,False,,,,,,,,,False,,,,,,,,,,,
instancias_divididas,6,4,Escalera,Openllet (Pellet),C:\Users\guill\OneDrive\Desktop\poker-ontology\resultados\instancias_divididas\barajas_6_rangos\resultado_baraja_6r_4p\baraja_6r_4p_escalera_benchmark_20260709_104927.csv,True,False,,,,,,,,,False,,,,,,,,,,,
instancias_divididas,6,4,EscaleraColor,HermiT,C:\Users\guill\OneDrive\Desktop\poker-ontology\resultados\instancias_divididas\barajas_6_rangos\resultado_baraja_6r_4p\baraja_6r_4p_escalera_color_benchmark_20260709_111159.csv,False,False,,135.0,131.0,6523.0,6654.0,214.0,25.0,16.0,True,4.0,0.0,0.0,0.0,4.0,4.0,0.0,0.0,4.0,0.0,6.654
instancias_divididas,6,4,EscaleraColor,JFact (FaCT++),C:\Users\guill\OneDrive\Desktop\poker-ontology\resultados\instancias_divididas\barajas_6_rangos\resultado_baraja_6r_4p\baraja_6r_4p_escalera_color_benchmark_20260709_111159.csv,False,False,,68.0,54.0,3403.0,3457.0,1335.0,25.0,16.0,True,4.0,0.0,0.0,0.0,4.0,4.0,0.0,0.0,4.0,0.0,3.457
instancias_divididas,6,4,EscaleraColor,Openllet (Pellet),C:\Users\guill\OneDrive\Desktop\poker-ontology\resultados\instancias_divididas\barajas_6_rangos\resultado_baraja_6r_4p\baraja_6r_4p_escalera_color_benchmark_20260709_111159.csv,True,False,,,,,,,,,False,,,,,,,,,,,
instancias_divididas,6,4,EscaleraReal,HermiT,C:\Users\guill\OneDrive\Desktop\poker-ontology\resultados\instancias_divididas\barajas_6_rangos\resultado_baraja_6r_4p\baraja_6r_4p_escalera_real_benchmark_20260709_111241.csv,False,False,,148.0,115.0,2980.0,3095.0,150.0,25.0,20.0,True,4.0,0.0,0.0,0.0,4.0,4.0,0.0,0.0,4.0,4.0,3.095
instancias_divididas,6,4,EscaleraReal,JFact (FaCT++),C:\Users\guill\OneDrive\Desktop\poker-ontology\resultados\instancias_divididas\barajas_6_rangos\resultado_baraja_6r_4p\baraja_6r_4p_escalera_real_benchmark_20260709_111241.csv,False,False,,66.0,57.0,3396.0,3453.0,1335.0,25.0,20.0,True,4.0,0.0,0.0,0.0,4.0,4.0,0.0,0.0,4.0,4.0,3.453
instancias_divididas,6,4,EscaleraReal,Openllet (Pellet),C:\Users\guill\OneDrive\Desktop\poker-ontology\resultados\instancias_divididas\barajas_6_rangos\resultado_baraja_6r_4p\baraja_6r_4p_escalera_real_benchmark_20260709_111241.csv,True,False,,,,,,,,,False,,,,,,,,,,,
instancias_divididas,6,4,Full,HermiT,C:\Users\guill\OneDrive\Desktop\poker-ontology\resultados\instancias_divididas\barajas_6_rangos\resultado_baraja_6r_4p\baraja_6r_4p_full_benchmark_20260709_110040.csv,False,False,,139.0,128.0,1916.0,2044.0,118.0,25.0,20.0,True,4.0,4.0,4.0,4.0,0.0,0.0,4.0,0.0,0.0,0.0,2.044
instancias_divididas,6,4,Full,JFact (FaCT++),C:\Users\guill\OneDrive\Desktop\poker-ontology\resultados\instancias_divididas\barajas_6_rangos\resultado_baraja_6r_4p\baraja_6r_4p_full_benchmark_20260709_110040.csv,True,False,,,,,,,,,False,,,,,,,,,,,
instancias_divididas,6,4,Full,Openllet (Pellet),C:\Users\guill\OneDrive\Desktop\poker-ontology\resultados\instancias_divididas\barajas_6_rangos\resultado_baraja_6r_4p\baraja_6r_4p_full_benchmark_20260709_110040.csv,True,False,,,,,,,,,False,,,,,,,,,,,
instancias_divididas,6,4,Par,HermiT,C:\Users\guill\OneDrive\Desktop\poker-ontology\resultados\instancias_divididas\barajas_6_rangos\resultado_baraja_6r_4p\baraja_6r_4p_par_benchmark_20260709_103813.csv,False,False,,126.0,122.0,4821.0,4943.0,134.0,25.0,8.0,True,4.0,4.0,0.0,0.0,0.0,0.0,0.0,0.0,0.0,0.0,4.943
instancias_divididas,6,4,Par,JFact (FaCT++),C:\Users\guill\OneDrive\Desktop\poker-ontology\resultados\instancias_divididas\barajas_6_rangos\resultado_baraja_6r_4p\baraja_6r_4p_par_benchmark_20260709_103813.csv,True,False,,,,,,,,,False,,,,,,,,,,,
instancias_divididas,6,4,Par,Openllet (Pellet),C:\Users\guill\OneDrive\Desktop\poker-ontology\resultados\instancias_divididas\barajas_6_rangos\resultado_baraja_6r_4p\baraja_6r_4p_par_benchmark_20260709_103813.csv,True,False,,,,,,,,,False,,,,,,,,,,,
instancias_divididas,6,4,Poker,HermiT,C:\Users\guill\OneDrive\Desktop\poker-ontology\resultados\instancias_divididas\barajas_6_rangos\resultado_baraja_6r_4p\baraja_6r_4p_poker_benchmark_20260709_110614.csv,False,False,,171.0,131.0,12669.0,12800.0,486.0,25.0,16.0,True,4.0,4.0,0.0,4.0,0.0,0.0,0.0,4.0,0.0,0.0,12.8
instancias_divididas,6,4,Poker,JFact (FaCT++),C:\Users\guill\OneDrive\Desktop\poker-ontology\resultados\instancias_divididas\barajas_6_rangos\resultado_baraja_6r_4p\baraja_6r_4p_poker_benchmark_20260709_110614.csv,True,False,,,,,,,,,False,,,,,,,,,,,
instancias_divididas,6,4,Poker,Openllet (Pellet),C:\Users\guill\OneDrive\Desktop\poker-ontology\resultados\instancias_divididas\barajas_6_rangos\resultado_baraja_6r_4p\baraja_6r_4p_poker_benchmark_20260709_110614.csv,True,False,,,,,,,,,False,,,,,,,,,,,
instancias_divididas,6,4,Trio,HermiT,C:\Users\guill\OneDrive\Desktop\poker-ontology\resultados\instancias_divididas\barajas_6_rangos\resultado_baraja_6r_4p\baraja_6r_4p_trio_benchmark_20260709_104350.csv,False,False,,120.0,109.0,5326.0,5435.0,166.0,25.0,12.0,True,4.0,4.0,0.0,4.0,0.0,0.0,0.0,0.0,0.0,0.0,5.435
instancias_divididas,6,4,Trio,JFact (FaCT++),C:\Users\guill\OneDrive\Desktop\poker-ontology\resultados\instancias_divididas\barajas_6_rangos\resultado_baraja_6r_4p\baraja_6r_4p_trio_benchmark_20260709_104350.csv,True,False,,,,,,,,,False,,,,,,,,,,,
instancias_divididas,6,4,Trio,Openllet (Pellet),C:\Users\guill\OneDrive\Desktop\poker-ontology\resultados\instancias_divididas\barajas_6_rangos\resultado_baraja_6r_4p\baraja_6r_4p_trio_benchmark_20260709_104350.csv,True,False,,,,,,,,,False,,,,,,,,,,,
instancias_divididas,6,8,CartaAlta,HermiT,C:\Users\guill\OneDrive\Desktop\poker-ontology\resultados\instancias_divididas\barajas_6_rangos\resultado_baraja_6r_8p\baraja_6r_8p_carta_alta_benchmark_20260709_022839.csv,False,False,,141.0,119.0,812.0,931.0,118.0,29.0,4.0,True,4.0,0.0,0.0,0.0,0.0,0.0,0.0,0.0,0.0,0.0,0.931
instancias_divididas,6,8,CartaAlta,JFact (FaCT++),C:\Users\guill\OneDrive\Desktop\poker-ontology\resultados\instancias_divididas\barajas_6_rangos\resultado_baraja_6r_8p\baraja_6r_8p_carta_alta_benchmark_20260709_022839.csv,True,False,,,,,,,,,False,,,,,,,,,,,
instancias_divididas,6,8,CartaAlta,Openllet (Pellet),C:\Users\guill\OneDrive\Desktop\poker-ontology\resultados\instancias_divididas\barajas_6_rangos\resultado_baraja_6r_8p\baraja_6r_8p_carta_alta_benchmark_20260709_022839.csv,True,False,,,,,,,,,False,,,,,,,,,,,
instancias_divididas,6,8,Color,HermiT,C:\Users\guill\OneDrive\Desktop\poker-ontology\resultados\instancias_divididas\barajas_6_rangos\resultado_baraja_6r_8p\baraja_6r_8p_color_benchmark_20260709_025700.csv,False,False,,152.0,149.0,6047.0,6196.0,214.0,29.0,8.0,True,4.0,0.0,0.0,0.0,0.0,4.0,0.0,0.0,0.0,0.0,6.196
instancias_divididas,6,8,Color,JFact (FaCT++),C:\Users\guill\OneDrive\Desktop\poker-ontology\resultados\instancias_divididas\barajas_6_rangos\resultado_baraja_6r_8p\baraja_6r_8p_color_benchmark_20260709_025700.csv,False,False,,58.0,70.0,3744.0,3814.0,1304.0,29.0,8.0,True,4.0,0.0,0.0,0.0,0.0,4.0,0.0,0.0,0.0,0.0,3.814
instancias_divididas,6,8,Color,Openllet (Pellet),C:\Users\guill\OneDrive\Desktop\poker-ontology\resultados\instancias_divididas\barajas_6_rangos\resultado_baraja_6r_8p\baraja_6r_8p_color_benchmark_20260709_025700.csv,True,False,,,,,,,,,False,,,,,,,,,,,
instancias_divididas,6,8,DoblePar,HermiT,C:\Users\guill\OneDrive\Desktop\poker-ontology\resultados\instancias_divididas\barajas_6_rangos\resultado_baraja_6r_8p\baraja_6r_8p_doble_par_benchmark_20260709_023412.csv,False,False,,147.0,145.0,20300.0,20445.0,278.0,29.0,12.0,True,4.0,4.0,4.0,0.0,0.0,0.0,0.0,0.0,0.0,0.0,20.445
instancias_divididas,6,8,DoblePar,JFact (FaCT++),C:\Users\guill\OneDrive\Desktop\poker-ontology\resultados\instancias_divididas\barajas_6_rangos\resultado_baraja_6r_8p\baraja_6r_8p_doble_par_benchmark_20260709_023412.csv,True,False,,,,,,,,,False,,,,,,,,,,,
instancias_divididas,6,8,DoblePar,Openllet (Pellet),C:\Users\guill\OneDrive\Desktop\poker-ontology\resultados\instancias_divididas\barajas_6_rangos\resultado_baraja_6r_8p\baraja_6r_8p_doble_par_benchmark_20260709_023412.csv,True,False,,,,,,,,,False,,,,,,,,,,,
instancias_divididas,6,8,Escalera,HermiT,C:\Users\guill\OneDrive\Desktop\poker-ontology\resultados\instancias_divididas\barajas_6_rangos\resultado_baraja_6r_8p\baraja_6r_8p_escalera_benchmark_20260709_025126.csv,False,False,,138.0,147.0,1528.0,1675.0,118.0,29.0,8.0,True,4.0,0.0,0.0,0.0,4.0,0.0,0.0,0.0,0.0,0.0,1.675
instancias_divididas,6,8,Escalera,JFact (FaCT++),C:\Users\guill\OneDrive\Desktop\poker-ontology\resultados\instancias_divididas\barajas_6_rangos\resultado_baraja_6r_8p\baraja_6r_8p_escalera_benchmark_20260709_025126.csv,True,False,,,,,,,,,False,,,,,,,,,,,
instancias_divididas,6,8,Escalera,Openllet (Pellet),C:\Users\guill\OneDrive\Desktop\poker-ontology\resultados\instancias_divididas\barajas_6_rangos\resultado_baraja_6r_8p\baraja_6r_8p_escalera_benchmark_20260709_025126.csv,True,False,,,,,,,,,False,,,,,,,,,,,
instancias_divididas,6,8,EscaleraColor,HermiT,C:\Users\guill\OneDrive\Desktop\poker-ontology\resultados\instancias_divididas\barajas_6_rangos\resultado_baraja_6r_8p\baraja_6r_8p_escalera_color_benchmark_20260709_030920.csv,False,False,,123.0,141.0,9144.0,9285.0,262.0,29.0,16.0,True,4.0,0.0,0.0,0.0,4.0,4.0,0.0,0.0,4.0,0.0,9.285
instancias_divididas,6,8,EscaleraColor,JFact (FaCT++),C:\Users\guill\OneDrive\Desktop\poker-ontology\resultados\instancias_divididas\barajas_6_rangos\resultado_baraja_6r_8p\baraja_6r_8p_escalera_color_benchmark_20260709_030920.csv,False,False,,62.0,59.0,3858.0,3917.0,1544.0,29.0,16.0,True,4.0,0.0,0.0,0.0,4.0,4.0,0.0,0.0,4.0,0.0,3.917
instancias_divididas,6,8,EscaleraColor,Openllet (Pellet),C:\Users\guill\OneDrive\Desktop\poker-ontology\resultados\instancias_divididas\barajas_6_rangos\resultado_baraja_6r_8p\baraja_6r_8p_escalera_color_benchmark_20260709_030920.csv,True,False,,,,,,,,,False,,,,,,,,,,,
instancias_divididas,6,8,EscaleraReal,HermiT,C:\Users\guill\OneDrive\Desktop\poker-ontology\resultados\instancias_divididas\barajas_6_rangos\resultado_baraja_6r_8p\baraja_6r_8p_escalera_real_benchmark_20260709_031006.csv,False,False,,155.0,122.0,9912.0,10034.0,246.0,29.0,20.0,True,4.0,0.0,0.0,0.0,4.0,4.0,0.0,0.0,4.0,4.0,10.034
instancias_divididas,6,8,EscaleraReal,JFact (FaCT++),C:\Users\guill\OneDrive\Desktop\poker-ontology\resultados\instancias_divididas\barajas_6_rangos\resultado_baraja_6r_8p\baraja_6r_8p_escalera_real_benchmark_20260709_031006.csv,False,False,,64.0,67.0,3769.0,3836.0,1528.0,29.0,20.0,True,4.0,0.0,0.0,0.0,4.0,4.0,0.0,0.0,4.0,4.0,3.836
instancias_divididas,6,8,EscaleraReal,Openllet (Pellet),C:\Users\guill\OneDrive\Desktop\poker-ontology\resultados\instancias_divididas\barajas_6_rangos\resultado_baraja_6r_8p\baraja_6r_8p_escalera_real_benchmark_20260709_031006.csv,True,False,,,,,,,,,False,,,,,,,,,,,
instancias_divididas,6,8,Full,HermiT,C:\Users\guill\OneDrive\Desktop\poker-ontology\resultados\instancias_divididas\barajas_6_rangos\resultado_baraja_6r_8p\baraja_6r_8p_full_benchmark_20260709_025742.csv,False,False,,169.0,142.0,2764.0,2906.0,150.0,29.0,20.0,True,4.0,4.0,4.0,4.0,0.0,0.0,4.0,0.0,0.0,0.0,2.906
instancias_divididas,6,8,Full,JFact (FaCT++),C:\Users\guill\OneDrive\Desktop\poker-ontology\resultados\instancias_divididas\barajas_6_rangos\resultado_baraja_6r_8p\baraja_6r_8p_full_benchmark_20260709_025742.csv,True,False,,,,,,,,,False,,,,,,,,,,,
instancias_divididas,6,8,Full,Openllet (Pellet),C:\Users\guill\OneDrive\Desktop\poker-ontology\resultados\instancias_divididas\barajas_6_rangos\resultado_baraja_6r_8p\baraja_6r_8p_full_benchmark_20260709_025742.csv,True,False,,,,,,,,,False,,,,,,,,,,,
instancias_divididas,6,8,Par,HermiT,C:\Users\guill\OneDrive\Desktop\poker-ontology\resultados\instancias_divididas\barajas_6_rangos\resultado_baraja_6r_8p\baraja_6r_8p_par_benchmark_20260709_024004.csv,False,False,,151.0,138.0,1488.0,1626.0,118.0,29.0,8.0,True,4.0,4.0,0.0,0.0,0.0,0.0,0.0,0.0,0.0,0.0,1.626
instancias_divididas,6,8,Par,JFact (FaCT++),C:\Users\guill\OneDrive\Desktop\poker-ontology\resultados\instancias_divididas\barajas_6_rangos\resultado_baraja_6r_8p\baraja_6r_8p_par_benchmark_20260709_024004.csv,True,False,,,,,,,,,False,,,,,,,,,,,
instancias_divididas,6,8,Par,Openllet (Pellet),C:\Users\guill\OneDrive\Desktop\poker-ontology\resultados\instancias_divididas\barajas_6_rangos\resultado_baraja_6r_8p\baraja_6r_8p_par_benchmark_20260709_024004.csv,True,False,,,,,,,,,False,,,,,,,,,,,
instancias_divididas,6,8,Poker,HermiT,C:\Users\guill\OneDrive\Desktop\poker-ontology\resultados\instancias_divididas\barajas_6_rangos\resultado_baraja_6r_8p\baraja_6r_8p_poker_benchmark_20260709_030317.csv,False,False,,148.0,147.0,31835.0,31982.0,998.0,29.0,16.0,True,4.0,4.0,0.0,4.0,0.0,0.0,0.0,4.0,0.0,0.0,31.982
instancias_divididas,6,8,Poker,JFact (FaCT++),C:\Users\guill\OneDrive\Desktop\poker-ontology\resultados\instancias_divididas\barajas_6_rangos\resultado_baraja_6r_8p\baraja_6r_8p_poker_benchmark_20260709_030317.csv,True,False,,,,,,,,,False,,,,,,,,,,,
instancias_divididas,6,8,Poker,Openllet (Pellet),C:\Users\guill\OneDrive\Desktop\poker-ontology\resultados\instancias_divididas\barajas_6_rangos\resultado_baraja_6r_8p\baraja_6r_8p_poker_benchmark_20260709_030317.csv,True,False,,,,,,,,,False,,,,,,,,,,,
instancias_divididas,6,8,Trio,HermiT,C:\Users\guill\OneDrive\Desktop\poker-ontology\resultados\instancias_divididas\barajas_6_rangos\resultado_baraja_6r_8p\baraja_6r_8p_trio_benchmark_20260709_024537.csv,False,False,,141.0,157.0,16982.0,17139.0,294.0,29.0,12.0,True,4.0,4.0,0.0,4.0,0.0,0.0,0.0,0.0,0.0,0.0,17.139
instancias_divididas,6,8,Trio,JFact (FaCT++),C:\Users\guill\OneDrive\Desktop\poker-ontology\resultados\instancias_divididas\barajas_6_rangos\resultado_baraja_6r_8p\baraja_6r_8p_trio_benchmark_20260709_024537.csv,True,False,,,,,,,,,False,,,,,,,,,,,
instancias_divididas,6,8,Trio,Openllet (Pellet),C:\Users\guill\OneDrive\Desktop\poker-ontology\resultados\instancias_divididas\barajas_6_rangos\resultado_baraja_6r_8p\baraja_6r_8p_trio_benchmark_20260709_024537.csv,True,False,,,,,,,,,False,,,,,,,,,,,
desconocido,37,16,Todas,HermiT,C:\Users\guill\OneDrive\Desktop\poker-ontology\resultados\pruebas_de_viabilidad\barajas_37_rangos\resultado_baraja_37r_16p\baraja_37r_16p_todas_benchmark_20260709_162253.csv,False,False,,337.0,496.0,650843.0,651339.0,6115.0,68.0,124.0,True,40.0,20.0,8.0,12.0,12.0,12.0,4.0,4.0,8.0,4.0,651.339
desconocido,37,16,Todas,JFact (FaCT++),C:\Users\guill\OneDrive\Desktop\poker-ontology\resultados\pruebas_de_viabilidad\barajas_37_rangos\resultado_baraja_37r_16p\baraja_37r_16p_todas_benchmark_20260709_162253.csv,True,False,,,,,,,,,False,,,,,,,,,,,
desconocido,37,16,Todas,Openllet (Pellet),C:\Users\guill\OneDrive\Desktop\poker-ontology\resultados\pruebas_de_viabilidad\barajas_37_rangos\resultado_baraja_37r_16p\baraja_37r_16p_todas_benchmark_20260709_162253.csv,True,False,,,,,,,,,False,,,,,,,,,,,
desconocido,6,4,Todas,HermiT,C:\Users\guill\OneDrive\Desktop\poker-ontology\resultados\pruebas_de_viabilidad\barajas_6_rangos\resultado_baraja_6r_4p\baraja_6r_4p_todas_benchmark_20260709_173602.csv,False,False,,141.0,120.0,29536.0,29656.0,726.0,25.0,124.0,True,40.0,20.0,8.0,12.0,12.0,12.0,4.0,4.0,8.0,4.0,29.656
desconocido,6,4,Todas,JFact (FaCT++),C:\Users\guill\OneDrive\Desktop\poker-ontology\resultados\pruebas_de_viabilidad\barajas_6_rangos\resultado_baraja_6r_4p\baraja_6r_4p_todas_benchmark_20260709_173602.csv,True,False,,,,,,,,,False,,,,,,,,,,,
desconocido,6,4,Todas,Openllet (Pellet),C:\Users\guill\OneDrive\Desktop\poker-ontology\resultados\pruebas_de_viabilidad\barajas_6_rangos\resultado_baraja_6r_4p\baraja_6r_4p_todas_benchmark_20260709_173602.csv,True,False,,,,,,,,,False,,,,,,,,,,,
